Ancestry,SiteID,Lon,Lat,Date,SpeciesSymbol,SiteTotalFrames,Composition,ProtocolType,JunipCover
USFS > Region 03 > Prescott National Forest > Bradshaw Ranger District > Board Creek Allotment > Box Unit Pasture,KA10,NA,NA,11/14/2025,2FA,100,4.9,USFS R3 Tenth Acre,0.001
USFS > Region 03 > Prescott National Forest > Bradshaw Ranger District > Board Creek Allotment > Box Unit Pasture,KA10,NA,NA,11/14/2025,2GA,100,0.9,USFS R3 Tenth Acre,0.001
USFS > Region 03 > Prescott National Forest > Bradshaw Ranger District > Board Creek Allotment > Box Unit Pasture,KA10,NA,NA,11/14/2025,ABUTI,100,1,USFS R3 Tenth Acre,0.001
USFS > Region 03 > Prescott National Forest > Bradshaw Ranger District > Board Creek Allotment > Box Unit Pasture,KA10,NA,NA,11/14/2025,ARTE3,100,2.8,USFS R3 Tenth Acre,0.001
USFS > Region 03 > Prescott National Forest > Bradshaw Ranger District > Board Creek Allotment > Box Unit Pasture,KA10,NA,NA,11/14/2025,BOCU,100,28.6,USFS R3 Tenth Acre,0.001
USFS > Region 03 > Prescott National Forest > Bradshaw Ranger District > Board Creek Allotment > Box Unit Pasture,KA10,NA,NA,11/14/2025,BOER4,100,4.3,USFS R3 Tenth Acre,0.001
USFS > Region 03 > Prescott National Forest > Bradshaw Ranger District > Board Creek Allotment > Box Unit Pasture,KA10,NA,NA,11/14/2025,BOGR2,100,2.7,USFS R3 Tenth Acre,0.001
USFS > Region 03 > Prescott National Forest > Bradshaw Ranger District > Board Creek Allotment > Box Unit Pasture,KA10,NA,NA,11/14/2025,BOHI2,100,8.2,USFS R3 Tenth Acre,0.001
USFS > Region 03 > Prescott National Forest > Bradshaw Ranger District > Board Creek Allotment > Box Unit Pasture,KA10,NA,NA,11/14/2025,CEGR,100,1.6,USFS R3 Tenth Acre,0.001
USFS > Region 03 > Prescott National Forest > Bradshaw Ranger District > Board Creek Allotment > Box Unit Pasture,KA10,NA,NA,11/14/2025,ELEL5,100,0.1,USFS R3 Tenth Acre,0.001
USFS > Region 03 > Prescott National Forest > Bradshaw Ranger District > Board Creek Allotment > Box Unit Pasture,KA10,NA,NA,11/14/2025,ERWR,100,1.7,USFS R3 Tenth Acre,0.001
USFS > Region 03 > Prescott National Forest > Bradshaw Ranger District > Board Creek Allotment > Box Unit Pasture,KA10,NA,NA,11/14/2025,GUSA2,100,0.6,USFS R3 Tenth Acre,0.001
USFS > Region 03 > Prescott National Forest > Bradshaw Ranger District > Board Creek Allotment > Box Unit Pasture,KA10,NA,NA,11/14/2025,HIBE,100,5.8,USFS R3 Tenth Acre,0.001
USFS > Region 03 > Prescott National Forest > Bradshaw Ranger District > Board Creek Allotment > Box Unit Pasture,KA10,NA,NA,11/14/2025,MIAC3,100,10.9,USFS R3 Tenth Acre,0.001
USFS > Region 03 > Prescott National Forest > Bradshaw Ranger District > Board Creek Allotment > Box Unit Pasture,KA10,NA,NA,11/14/2025,PAHA,100,1.7,USFS R3 Tenth Acre,0.001
USFS > Region 03 > Prescott National Forest > Bradshaw Ranger District > Board Creek Allotment > Box Unit Pasture,KA10,NA,NA,11/14/2025,QUTU2,100,21.1,USFS R3 Tenth Acre,0.001
USFS > Region 03 > Prescott National Forest > Bradshaw Ranger District > Board Creek Allotment > Box Unit Pasture,KA10,NA,NA,11/14/2025,RHIL,100,0.1,USFS R3 Tenth Acre,0.001
USFS > Region 03 > Prescott National Forest > Bradshaw Ranger District > Board Creek Allotment > Box Unit Pasture,KA10,NA,NA,11/14/2025,RHTR,100,0.4,USFS R3 Tenth Acre,0.001
USFS > Region 03 > Prescott National Forest > Bradshaw Ranger District > Board Creek Allotment > Box Unit Pasture,KA10,NA,NA,11/14/2025,SPAM2,100,0.4,USFS R3 Tenth Acre,0.001
USFS > Region 03 > Prescott National Forest > Bradshaw Ranger District > Board Creek Allotment > Box Unit Pasture,KA10,NA,NA,11/14/2025,SPCR,100,0.3,USFS R3 Tenth Acre,0.001
USFS > Region 03 > Prescott National Forest > Bradshaw Ranger District > Board Creek Allotment > Box Unit Pasture,KA10,NA,NA,11/14/2025,VEGO2,100,1.9,USFS R3 Tenth Acre,0.001
USFS > Region 03 > Prescott National Forest > Bradshaw Ranger District > Burnt Ranch Allotment > Doce Root Plow Pasture,03-09-03-00304-004-C03,-112.59639678593051,34.59314502235114,11/14/2025,2FA,100,17,NA,NA
USFS > Region 03 > Prescott National Forest > Bradshaw Ranger District > Burnt Ranch Allotment > Doce Root Plow Pasture,03-09-03-00304-004-C03,-112.59639678593051,34.59314502235114,11/14/2025,2GA,100,16.3,NA,NA
USFS > Region 03 > Prescott National Forest > Bradshaw Ranger District > Burnt Ranch Allotment > Doce Root Plow Pasture,03-09-03-00304-004-C03,-112.59639678593051,34.59314502235114,11/14/2025,ARIST,100,1.3,NA,NA
USFS > Region 03 > Prescott National Forest > Bradshaw Ranger District > Burnt Ranch Allotment > Doce Root Plow Pasture,03-09-03-00304-004-C03,-112.59639678593051,34.59314502235114,11/14/2025,ASTER,100,1.2,NA,NA
USFS > Region 03 > Prescott National Forest > Bradshaw Ranger District > Burnt Ranch Allotment > Doce Root Plow Pasture,03-09-03-00304-004-C03,-112.59639678593051,34.59314502235114,11/14/2025,BOCU,100,1,NA,NA
USFS > Region 03 > Prescott National Forest > Bradshaw Ranger District > Burnt Ranch Allotment > Doce Root Plow Pasture,03-09-03-00304-004-C03,-112.59639678593051,34.59314502235114,11/14/2025,BOGR2,100,0.1,NA,NA
USFS > Region 03 > Prescott National Forest > Bradshaw Ranger District > Burnt Ranch Allotment > Doce Root Plow Pasture,03-09-03-00304-004-C03,-112.59639678593051,34.59314502235114,11/14/2025,CAHU,100,11.4,NA,NA
USFS > Region 03 > Prescott National Forest > Bradshaw Ranger District > Burnt Ranch Allotment > Doce Root Plow Pasture,03-09-03-00304-004-C03,-112.59639678593051,34.59314502235114,11/14/2025,CEGR,100,5.3,NA,NA
USFS > Region 03 > Prescott National Forest > Bradshaw Ranger District > Burnt Ranch Allotment > Doce Root Plow Pasture,03-09-03-00304-004-C03,-112.59639678593051,34.59314502235114,11/14/2025,CEMO2,100,2.2,NA,NA
USFS > Region 03 > Prescott National Forest > Bradshaw Ranger District > Burnt Ranch Allotment > Doce Root Plow Pasture,03-09-03-00304-004-C03,-112.59639678593051,34.59314502235114,11/14/2025,DAPU7,100,3.8,NA,NA
USFS > Region 03 > Prescott National Forest > Bradshaw Ranger District > Burnt Ranch Allotment > Doce Root Plow Pasture,03-09-03-00304-004-C03,-112.59639678593051,34.59314502235114,11/14/2025,ELEL5,100,0.2,NA,NA
USFS > Region 03 > Prescott National Forest > Bradshaw Ranger District > Burnt Ranch Allotment > Doce Root Plow Pasture,03-09-03-00304-004-C03,-112.59639678593051,34.59314502235114,11/14/2025,ERIOG,100,2.4,NA,NA
USFS > Region 03 > Prescott National Forest > Bradshaw Ranger District > Burnt Ranch Allotment > Doce Root Plow Pasture,03-09-03-00304-004-C03,-112.59639678593051,34.59314502235114,11/14/2025,GUDE,100,0.2,NA,NA
USFS > Region 03 > Prescott National Forest > Bradshaw Ranger District > Burnt Ranch Allotment > Doce Root Plow Pasture,03-09-03-00304-004-C03,-112.59639678593051,34.59314502235114,11/14/2025,GUSA2,100,4.6,NA,NA
USFS > Region 03 > Prescott National Forest > Bradshaw Ranger District > Burnt Ranch Allotment > Doce Root Plow Pasture,03-09-03-00304-004-C03,-112.59639678593051,34.59314502235114,11/14/2025,HIBE,100,0.8,NA,NA
USFS > Region 03 > Prescott National Forest > Bradshaw Ranger District > Burnt Ranch Allotment > Doce Root Plow Pasture,03-09-03-00304-004-C03,-112.59639678593051,34.59314502235114,11/14/2025,QUTU2,100,24,NA,NA
USFS > Region 03 > Prescott National Forest > Bradshaw Ranger District > Burnt Ranch Allotment > Doce Root Plow Pasture,03-09-03-00304-004-C03,-112.59639678593051,34.59314502235114,11/14/2025,RHTR,100,1.4,NA,NA
USFS > Region 03 > Prescott National Forest > Bradshaw Ranger District > Burnt Ranch Allotment > Doce Root Plow Pasture,03-09-03-00304-004-C03,-112.59639678593051,34.59314502235114,11/14/2025,SPAM2,100,1.7,NA,NA
USFS > Region 03 > Prescott National Forest > Bradshaw Ranger District > Burnt Ranch Allotment > Doce Root Plow Pasture,03-09-03-00304-004-C03,-112.59639678593051,34.59314502235114,11/14/2025,SPCR,100,1.3,NA,NA
USFS > Region 03 > Prescott National Forest > Bradshaw Ranger District > Burnt Ranch Allotment > Doce Root Plow Pasture,03-09-03-00304-004-C03,-112.59639678593051,34.59314502235114,11/14/2025,VEGO,100,1.8,NA,NA
USFS > Region 03 > Prescott National Forest > Bradshaw Ranger District > Burnt Ranch Allotment > Doce Root Plow Pasture,03-09-03-00304-004-C03,-112.59639678593051,34.59314502235114,11/14/2025,VERBA,100,2,NA,NA
USFS > Region 03 > Prescott National Forest > Bradshaw Ranger District > Burnt Ranch Allotment > Unknown Pasture,03-09-03-00304-XXX-C06,NA,NA,12/4/2025,2FA,100,16.5,USFS R3 Tenth Acre,3
USFS > Region 03 > Prescott National Forest > Bradshaw Ranger District > Burnt Ranch Allotment > Unknown Pasture,03-09-03-00304-XXX-C06,NA,NA,12/4/2025,2GA,100,4.7,USFS R3 Tenth Acre,3
USFS > Region 03 > Prescott National Forest > Bradshaw Ranger District > Burnt Ranch Allotment > Unknown Pasture,03-09-03-00304-XXX-C06,NA,NA,12/4/2025,ARIST,100,7.3,USFS R3 Tenth Acre,3
USFS > Region 03 > Prescott National Forest > Bradshaw Ranger District > Burnt Ranch Allotment > Unknown Pasture,03-09-03-00304-XXX-C06,NA,NA,12/4/2025,BOCU,100,2.3,USFS R3 Tenth Acre,3
USFS > Region 03 > Prescott National Forest > Bradshaw Ranger District > Burnt Ranch Allotment > Unknown Pasture,03-09-03-00304-XXX-C06,NA,NA,12/4/2025,BOGR2,100,1.4,USFS R3 Tenth Acre,3
USFS > Region 03 > Prescott National Forest > Bradshaw Ranger District > Burnt Ranch Allotment > Unknown Pasture,03-09-03-00304-XXX-C06,NA,NA,12/4/2025,BRTE,100,9.2,USFS R3 Tenth Acre,3
USFS > Region 03 > Prescott National Forest > Bradshaw Ranger District > Burnt Ranch Allotment > Unknown Pasture,03-09-03-00304-XXX-C06,NA,NA,12/4/2025,CIRSI,100,1.5,USFS R3 Tenth Acre,3
USFS > Region 03 > Prescott National Forest > Bradshaw Ranger District > Burnt Ranch Allotment > Unknown Pasture,03-09-03-00304-XXX-C06,NA,NA,12/4/2025,CYLIN2,100,0.2,USFS R3 Tenth Acre,3
USFS > Region 03 > Prescott National Forest > Bradshaw Ranger District > Burnt Ranch Allotment > Unknown Pasture,03-09-03-00304-XXX-C06,NA,NA,12/4/2025,ELEL5,100,1.2,USFS R3 Tenth Acre,3
USFS > Region 03 > Prescott National Forest > Bradshaw Ranger District > Burnt Ranch Allotment > Unknown Pasture,03-09-03-00304-XXX-C06,NA,NA,12/4/2025,ERCI,100,0.4,USFS R3 Tenth Acre,3
USFS > Region 03 > Prescott National Forest > Bradshaw Ranger District > Burnt Ranch Allotment > Unknown Pasture,03-09-03-00304-XXX-C06,NA,NA,12/4/2025,ERIOG,100,1.9,USFS R3 Tenth Acre,3
USFS > Region 03 > Prescott National Forest > Bradshaw Ranger District > Burnt Ranch Allotment > Unknown Pasture,03-09-03-00304-XXX-C06,NA,NA,12/4/2025,ERWR,100,1.4,USFS R3 Tenth Acre,3
USFS > Region 03 > Prescott National Forest > Bradshaw Ranger District > Burnt Ranch Allotment > Unknown Pasture,03-09-03-00304-XXX-C06,NA,NA,12/4/2025,HYMEN12,100,0.6,USFS R3 Tenth Acre,3
USFS > Region 03 > Prescott National Forest > Bradshaw Ranger District > Burnt Ranch Allotment > Unknown Pasture,03-09-03-00304-XXX-C06,NA,NA,12/4/2025,IPOMO,100,0.4,USFS R3 Tenth Acre,3
USFS > Region 03 > Prescott National Forest > Bradshaw Ranger District > Burnt Ranch Allotment > Unknown Pasture,03-09-03-00304-XXX-C06,NA,NA,12/4/2025,JUDE2,100,2.8,USFS R3 Tenth Acre,3
USFS > Region 03 > Prescott National Forest > Bradshaw Ranger District > Burnt Ranch Allotment > Unknown Pasture,03-09-03-00304-XXX-C06,NA,NA,12/4/2025,LYMA,100,0.7,USFS R3 Tenth Acre,3
USFS > Region 03 > Prescott National Forest > Bradshaw Ranger District > Burnt Ranch Allotment > Unknown Pasture,03-09-03-00304-XXX-C06,NA,NA,12/4/2025,OPAC,100,0.1,USFS R3 Tenth Acre,3
USFS > Region 03 > Prescott National Forest > Bradshaw Ranger District > Burnt Ranch Allotment > Unknown Pasture,03-09-03-00304-XXX-C06,NA,NA,12/4/2025,OPEN3,100,0.4,USFS R3 Tenth Acre,3
USFS > Region 03 > Prescott National Forest > Bradshaw Ranger District > Burnt Ranch Allotment > Unknown Pasture,03-09-03-00304-XXX-C06,NA,NA,12/4/2025,PAOB,100,34.2,USFS R3 Tenth Acre,3
USFS > Region 03 > Prescott National Forest > Bradshaw Ranger District > Burnt Ranch Allotment > Unknown Pasture,03-09-03-00304-XXX-C06,NA,NA,12/4/2025,PPFF2,100,0.1,USFS R3 Tenth Acre,3
USFS > Region 03 > Prescott National Forest > Bradshaw Ranger District > Burnt Ranch Allotment > Unknown Pasture,03-09-03-00304-XXX-C06,NA,NA,12/4/2025,SPCR,100,8,USFS R3 Tenth Acre,3
USFS > Region 03 > Prescott National Forest > Bradshaw Ranger District > Burnt Ranch Allotment > Unknown Pasture,03-09-03-00304-XXX-C06,NA,NA,12/4/2025,SPHAE,100,4.7,USFS R3 Tenth Acre,3
USFS > Region 03 > Prescott National Forest > Bradshaw Ranger District > Burnt Ranch Allotment > Willow Pasture,C03-09-03-00304-007-C08,-112.52258254484705,34.589715342802,12/4/2025,2FA,100,3.8,USFS R3 Tenth Acre,5
USFS > Region 03 > Prescott National Forest > Bradshaw Ranger District > Burnt Ranch Allotment > Willow Pasture,C03-09-03-00304-007-C08,-112.52258254484705,34.589715342802,12/4/2025,2GA,100,0.6,USFS R3 Tenth Acre,5
USFS > Region 03 > Prescott National Forest > Bradshaw Ranger District > Burnt Ranch Allotment > Willow Pasture,C03-09-03-00304-007-C08,-112.52258254484705,34.589715342802,12/4/2025,ACWR5,100,0.7,USFS R3 Tenth Acre,5
USFS > Region 03 > Prescott National Forest > Bradshaw Ranger District > Burnt Ranch Allotment > Willow Pasture,C03-09-03-00304-007-C08,-112.52258254484705,34.589715342802,12/4/2025,ARIST,100,0.7,USFS R3 Tenth Acre,5
USFS > Region 03 > Prescott National Forest > Bradshaw Ranger District > Burnt Ranch Allotment > Willow Pasture,C03-09-03-00304-007-C08,-112.52258254484705,34.589715342802,12/4/2025,BOCU,100,18.7,USFS R3 Tenth Acre,5
USFS > Region 03 > Prescott National Forest > Bradshaw Ranger District > Burnt Ranch Allotment > Willow Pasture,C03-09-03-00304-007-C08,-112.52258254484705,34.589715342802,12/4/2025,BOGR2,100,3.5,USFS R3 Tenth Acre,5
USFS > Region 03 > Prescott National Forest > Bradshaw Ranger District > Burnt Ranch Allotment > Willow Pasture,C03-09-03-00304-007-C08,-112.52258254484705,34.589715342802,12/4/2025,BOHI2,100,0.4,USFS R3 Tenth Acre,5
USFS > Region 03 > Prescott National Forest > Bradshaw Ranger District > Burnt Ranch Allotment > Willow Pasture,C03-09-03-00304-007-C08,-112.52258254484705,34.589715342802,12/4/2025,CAHU,100,0.1,USFS R3 Tenth Acre,5
USFS > Region 03 > Prescott National Forest > Bradshaw Ranger District > Burnt Ranch Allotment > Willow Pasture,C03-09-03-00304-007-C08,-112.52258254484705,34.589715342802,12/4/2025,CEGR,100,1.6,USFS R3 Tenth Acre,5
USFS > Region 03 > Prescott National Forest > Bradshaw Ranger District > Burnt Ranch Allotment > Willow Pasture,C03-09-03-00304-007-C08,-112.52258254484705,34.589715342802,12/4/2025,CIRSI,100,1.8,USFS R3 Tenth Acre,5
USFS > Region 03 > Prescott National Forest > Bradshaw Ranger District > Burnt Ranch Allotment > Willow Pasture,C03-09-03-00304-007-C08,-112.52258254484705,34.589715342802,12/4/2025,ELEL5,100,2.6,USFS R3 Tenth Acre,5
USFS > Region 03 > Prescott National Forest > Bradshaw Ranger District > Burnt Ranch Allotment > Willow Pasture,C03-09-03-00304-007-C08,-112.52258254484705,34.589715342802,12/4/2025,ERAI3,100,1.4,USFS R3 Tenth Acre,5
USFS > Region 03 > Prescott National Forest > Bradshaw Ranger District > Burnt Ranch Allotment > Willow Pasture,C03-09-03-00304-007-C08,-112.52258254484705,34.589715342802,12/4/2025,ERWR,100,13.5,USFS R3 Tenth Acre,5
USFS > Region 03 > Prescott National Forest > Bradshaw Ranger District > Burnt Ranch Allotment > Willow Pasture,C03-09-03-00304-007-C08,-112.52258254484705,34.589715342802,12/4/2025,HIBE,100,38.1,USFS R3 Tenth Acre,5
USFS > Region 03 > Prescott National Forest > Bradshaw Ranger District > Burnt Ranch Allotment > Willow Pasture,C03-09-03-00304-007-C08,-112.52258254484705,34.589715342802,12/4/2025,HYMEN4,100,0.1,USFS R3 Tenth Acre,5
USFS > Region 03 > Prescott National Forest > Bradshaw Ranger District > Burnt Ranch Allotment > Willow Pasture,C03-09-03-00304-007-C08,-112.52258254484705,34.589715342802,12/4/2025,JUDE2,100,5.1,USFS R3 Tenth Acre,5
USFS > Region 03 > Prescott National Forest > Bradshaw Ranger District > Burnt Ranch Allotment > Willow Pasture,C03-09-03-00304-007-C08,-112.52258254484705,34.589715342802,12/4/2025,MATA2,100,2.1,USFS R3 Tenth Acre,5
USFS > Region 03 > Prescott National Forest > Bradshaw Ranger District > Burnt Ranch Allotment > Willow Pasture,C03-09-03-00304-007-C08,-112.52258254484705,34.589715342802,12/4/2025,OPEN3,100,0.2,USFS R3 Tenth Acre,5
USFS > Region 03 > Prescott National Forest > Bradshaw Ranger District > Burnt Ranch Allotment > Willow Pasture,C03-09-03-00304-007-C08,-112.52258254484705,34.589715342802,12/4/2025,OXAR6,100,0.1,USFS R3 Tenth Acre,5
USFS > Region 03 > Prescott National Forest > Bradshaw Ranger District > Burnt Ranch Allotment > Willow Pasture,C03-09-03-00304-007-C08,-112.52258254484705,34.589715342802,12/4/2025,PENST,100,0.1,USFS R3 Tenth Acre,5
USFS > Region 03 > Prescott National Forest > Bradshaw Ranger District > Burnt Ranch Allotment > Willow Pasture,C03-09-03-00304-007-C08,-112.52258254484705,34.589715342802,12/4/2025,QUTU2,100,3.1,USFS R3 Tenth Acre,5
USFS > Region 03 > Prescott National Forest > Bradshaw Ranger District > Burnt Ranch Allotment > Willow Pasture,C03-09-03-00304-007-C08,-112.52258254484705,34.589715342802,12/4/2025,RHIL,100,0.9,USFS R3 Tenth Acre,5
USFS > Region 03 > Prescott National Forest > Bradshaw Ranger District > Burnt Ranch Allotment > Willow Pasture,C03-09-03-00304-007-C08,-112.52258254484705,34.589715342802,12/4/2025,RHTR,100,0.4,USFS R3 Tenth Acre,5
USFS > Region 03 > Prescott National Forest > Bradshaw Ranger District > Burnt Ranch Allotment > Willow Pasture,C03-09-03-00304-007-C08,-112.52258254484705,34.589715342802,12/4/2025,SPRU2,100,0.4,USFS R3 Tenth Acre,5
USFS > Region 03 > Prescott National Forest > Bradshaw Ranger District > Cold Springs Allotment > Spruce Pasture,03-09-03-00305-009-C01,-112.63742251966067,34.57182673186863,11/14/2025,2FA,44,12.045454545454545,NA,NA
USFS > Region 03 > Prescott National Forest > Bradshaw Ranger District > Cold Springs Allotment > Spruce Pasture,03-09-03-00305-009-C01,-112.63742251966067,34.57182673186863,11/14/2025,2GA,44,16.136363636363637,NA,NA
USFS > Region 03 > Prescott National Forest > Bradshaw Ranger District > Cold Springs Allotment > Spruce Pasture,03-09-03-00305-009-C01,-112.63742251966067,34.57182673186863,11/14/2025,ARIST,44,0.22727272727272727,NA,NA
USFS > Region 03 > Prescott National Forest > Bradshaw Ranger District > Cold Springs Allotment > Spruce Pasture,03-09-03-00305-009-C01,-112.63742251966067,34.57182673186863,11/14/2025,BAPT,44,0.22727272727272727,NA,NA
USFS > Region 03 > Prescott National Forest > Bradshaw Ranger District > Cold Springs Allotment > Spruce Pasture,03-09-03-00305-009-C01,-112.63742251966067,34.57182673186863,11/14/2025,BOCU,44,2.0454545454545454,NA,NA
USFS > Region 03 > Prescott National Forest > Bradshaw Ranger District > Cold Springs Allotment > Spruce Pasture,03-09-03-00305-009-C01,-112.63742251966067,34.57182673186863,11/14/2025,BOGR2,44,0.22727272727272727,NA,NA
USFS > Region 03 > Prescott National Forest > Bradshaw Ranger District > Cold Springs Allotment > Spruce Pasture,03-09-03-00305-009-C01,-112.63742251966067,34.57182673186863,11/14/2025,CEGR,44,5.2272727272727275,NA,NA
USFS > Region 03 > Prescott National Forest > Bradshaw Ranger District > Cold Springs Allotment > Spruce Pasture,03-09-03-00305-009-C01,-112.63742251966067,34.57182673186863,11/14/2025,CEMO2,44,1.5909090909090908,NA,NA
USFS > Region 03 > Prescott National Forest > Bradshaw Ranger District > Cold Springs Allotment > Spruce Pasture,03-09-03-00305-009-C01,-112.63742251966067,34.57182673186863,11/14/2025,DAPU7,44,7.954545454545454,NA,NA
USFS > Region 03 > Prescott National Forest > Bradshaw Ranger District > Cold Springs Allotment > Spruce Pasture,03-09-03-00305-009-C01,-112.63742251966067,34.57182673186863,11/14/2025,ELEL5,44,0.45454545454545453,NA,NA
USFS > Region 03 > Prescott National Forest > Bradshaw Ranger District > Cold Springs Allotment > Spruce Pasture,03-09-03-00305-009-C01,-112.63742251966067,34.57182673186863,11/14/2025,ERIOG,44,3.8636363636363638,NA,NA
USFS > Region 03 > Prescott National Forest > Bradshaw Ranger District > Cold Springs Allotment > Spruce Pasture,03-09-03-00305-009-C01,-112.63742251966067,34.57182673186863,11/14/2025,GUSA2,44,6.818181818181818,NA,NA
USFS > Region 03 > Prescott National Forest > Bradshaw Ranger District > Cold Springs Allotment > Spruce Pasture,03-09-03-00305-009-C01,-112.63742251966067,34.57182673186863,11/14/2025,HOGL2,44,8.409090909090908,NA,NA
USFS > Region 03 > Prescott National Forest > Bradshaw Ranger District > Cold Springs Allotment > Spruce Pasture,03-09-03-00305-009-C01,-112.63742251966067,34.57182673186863,11/14/2025,PAOB,44,0.22727272727272727,NA,NA
USFS > Region 03 > Prescott National Forest > Bradshaw Ranger District > Cold Springs Allotment > Spruce Pasture,03-09-03-00305-009-C01,-112.63742251966067,34.57182673186863,11/14/2025,QUTU2,44,27.727272727272727,NA,NA
USFS > Region 03 > Prescott National Forest > Bradshaw Ranger District > Cold Springs Allotment > Spruce Pasture,03-09-03-00305-009-C01,-112.63742251966067,34.57182673186863,11/14/2025,RHTR,44,3.1818181818181817,NA,NA
USFS > Region 03 > Prescott National Forest > Bradshaw Ranger District > Cold Springs Allotment > Spruce Pasture,03-09-03-00305-009-C01,-112.63742251966067,34.57182673186863,11/14/2025,SPAM2,44,2.5,NA,NA
USFS > Region 03 > Prescott National Forest > Bradshaw Ranger District > Cold Springs Allotment > Spruce Pasture,03-09-03-00305-009-C01,-112.63742251966067,34.57182673186863,11/14/2025,SPCR,44,1.1363636363636365,NA,NA
USFS > Region 03 > Prescott National Forest > Bradshaw Ranger District > Granite Allotment > North Unit Pasture,KA1,-112.620564,34.709584,10/28/2025,AAFF,100,4.2,USFS R3 Tenth Acre,15
USFS > Region 03 > Prescott National Forest > Bradshaw Ranger District > Granite Allotment > North Unit Pasture,KA1,-112.620564,34.709584,10/28/2025,AAGG,100,0.1,USFS R3 Tenth Acre,15
USFS > Region 03 > Prescott National Forest > Bradshaw Ranger District > Granite Allotment > North Unit Pasture,KA1,-112.620564,34.709584,10/28/2025,AMBRO,100,0.1,USFS R3 Tenth Acre,15
USFS > Region 03 > Prescott National Forest > Bradshaw Ranger District > Granite Allotment > North Unit Pasture,KA1,-112.620564,34.709584,10/28/2025,ARIST,100,3.1,USFS R3 Tenth Acre,15
USFS > Region 03 > Prescott National Forest > Bradshaw Ranger District > Granite Allotment > North Unit Pasture,KA1,-112.620564,34.709584,10/28/2025,ARPU5,100,1.3,USFS R3 Tenth Acre,15
USFS > Region 03 > Prescott National Forest > Bradshaw Ranger District > Granite Allotment > North Unit Pasture,KA1,-112.620564,34.709584,10/28/2025,ASCLE,100,0.1,USFS R3 Tenth Acre,15
USFS > Region 03 > Prescott National Forest > Bradshaw Ranger District > Granite Allotment > North Unit Pasture,KA1,-112.620564,34.709584,10/28/2025,BOCU,100,18,USFS R3 Tenth Acre,15
USFS > Region 03 > Prescott National Forest > Bradshaw Ranger District > Granite Allotment > North Unit Pasture,KA1,-112.620564,34.709584,10/28/2025,BOER4,100,5.4,USFS R3 Tenth Acre,15
USFS > Region 03 > Prescott National Forest > Bradshaw Ranger District > Granite Allotment > North Unit Pasture,KA1,-112.620564,34.709584,10/28/2025,BOGR2,100,11.4,USFS R3 Tenth Acre,15
USFS > Region 03 > Prescott National Forest > Bradshaw Ranger District > Granite Allotment > North Unit Pasture,KA1,-112.620564,34.709584,10/28/2025,CHENO,100,0.1,USFS R3 Tenth Acre,15
USFS > Region 03 > Prescott National Forest > Bradshaw Ranger District > Granite Allotment > North Unit Pasture,KA1,-112.620564,34.709584,10/28/2025,ELEL5,100,0.2,USFS R3 Tenth Acre,15
USFS > Region 03 > Prescott National Forest > Bradshaw Ranger District > Granite Allotment > North Unit Pasture,KA1,-112.620564,34.709584,10/28/2025,ERIOG,100,6.7,USFS R3 Tenth Acre,15
USFS > Region 03 > Prescott National Forest > Bradshaw Ranger District > Granite Allotment > North Unit Pasture,KA1,-112.620564,34.709584,10/28/2025,EVOLV,100,0.1,USFS R3 Tenth Acre,15
USFS > Region 03 > Prescott National Forest > Bradshaw Ranger District > Granite Allotment > North Unit Pasture,KA1,-112.620564,34.709584,10/28/2025,GUSA2,100,6.5,USFS R3 Tenth Acre,15
USFS > Region 03 > Prescott National Forest > Bradshaw Ranger District > Granite Allotment > North Unit Pasture,KA1,-112.620564,34.709584,10/28/2025,JUNIP,100,8.8,USFS R3 Tenth Acre,15
USFS > Region 03 > Prescott National Forest > Bradshaw Ranger District > Granite Allotment > North Unit Pasture,KA1,-112.620564,34.709584,10/28/2025,MENOD,100,0.3,USFS R3 Tenth Acre,15
USFS > Region 03 > Prescott National Forest > Bradshaw Ranger District > Granite Allotment > North Unit Pasture,KA1,-112.620564,34.709584,10/28/2025,MIAC3,100,5,USFS R3 Tenth Acre,15
USFS > Region 03 > Prescott National Forest > Bradshaw Ranger District > Granite Allotment > North Unit Pasture,KA1,-112.620564,34.709584,10/28/2025,NOMI,100,0.1,USFS R3 Tenth Acre,15
USFS > Region 03 > Prescott National Forest > Bradshaw Ranger District > Granite Allotment > North Unit Pasture,KA1,-112.620564,34.709584,10/28/2025,PIMO,100,8,USFS R3 Tenth Acre,15
USFS > Region 03 > Prescott National Forest > Bradshaw Ranger District > Granite Allotment > North Unit Pasture,KA1,-112.620564,34.709584,10/28/2025,QUTU2,100,17,USFS R3 Tenth Acre,15
USFS > Region 03 > Prescott National Forest > Bradshaw Ranger District > Granite Allotment > North Unit Pasture,KA1,-112.620564,34.709584,10/28/2025,RHTR,100,1.5,USFS R3 Tenth Acre,15
USFS > Region 03 > Prescott National Forest > Bradshaw Ranger District > Granite Allotment > North Unit Pasture,KA1,-112.620564,34.709584,10/28/2025,SOEL,100,0.2,USFS R3 Tenth Acre,15
USFS > Region 03 > Prescott National Forest > Bradshaw Ranger District > Granite Allotment > North Unit Pasture,KA1,-112.620564,34.709584,10/28/2025,SPAM2,100,0.3,USFS R3 Tenth Acre,15
USFS > Region 03 > Prescott National Forest > Bradshaw Ranger District > Granite Allotment > North Unit Pasture,KA1,-112.620564,34.709584,10/28/2025,SPCR,100,1.3,USFS R3 Tenth Acre,15
USFS > Region 03 > Prescott National Forest > Bradshaw Ranger District > Granite Allotment > North Unit Pasture,KA1,-112.620564,34.709584,10/28/2025,TRMU,100,0.1,USFS R3 Tenth Acre,15
USFS > Region 03 > Prescott National Forest > Bradshaw Ranger District > Granite Allotment > North Unit Pasture,KA1,-112.620564,34.709584,10/28/2025,UNK1,100,0.1,USFS R3 Tenth Acre,15
USFS > Region 03 > Prescott National Forest > Bradshaw Ranger District > Granite Allotment > North Unit Pasture,KA3,-112.59977,34.71138,10/28/2025,AAFF,98,5.3061224489795915,USFS R3 Tenth Acre,4
USFS > Region 03 > Prescott National Forest > Bradshaw Ranger District > Granite Allotment > North Unit Pasture,KA3,-112.59977,34.71138,10/28/2025,AAGG,98,0.40816326530612246,USFS R3 Tenth Acre,4
USFS > Region 03 > Prescott National Forest > Bradshaw Ranger District > Granite Allotment > North Unit Pasture,KA3,-112.59977,34.71138,10/28/2025,ARIST,98,14.693877551020408,USFS R3 Tenth Acre,4
USFS > Region 03 > Prescott National Forest > Bradshaw Ranger District > Granite Allotment > North Unit Pasture,KA3,-112.59977,34.71138,10/28/2025,ARPU5,98,16.836734693877553,USFS R3 Tenth Acre,4
USFS > Region 03 > Prescott National Forest > Bradshaw Ranger District > Granite Allotment > North Unit Pasture,KA3,-112.59977,34.71138,10/28/2025,ASTRA,98,1.0204081632653061,USFS R3 Tenth Acre,4
USFS > Region 03 > Prescott National Forest > Bradshaw Ranger District > Granite Allotment > North Unit Pasture,KA3,-112.59977,34.71138,10/28/2025,BOCU,98,1.530612244897959,USFS R3 Tenth Acre,4
USFS > Region 03 > Prescott National Forest > Bradshaw Ranger District > Granite Allotment > North Unit Pasture,KA3,-112.59977,34.71138,10/28/2025,BOER4,98,1.2244897959183674,USFS R3 Tenth Acre,4
USFS > Region 03 > Prescott National Forest > Bradshaw Ranger District > Granite Allotment > North Unit Pasture,KA3,-112.59977,34.71138,10/28/2025,BOGR2,98,25,USFS R3 Tenth Acre,4
USFS > Region 03 > Prescott National Forest > Bradshaw Ranger District > Granite Allotment > North Unit Pasture,KA3,-112.59977,34.71138,10/28/2025,ELEL5,98,0.30612244897959184,USFS R3 Tenth Acre,4
USFS > Region 03 > Prescott National Forest > Bradshaw Ranger District > Granite Allotment > North Unit Pasture,KA3,-112.59977,34.71138,10/28/2025,ERIOG,98,0.10204081632653061,USFS R3 Tenth Acre,4
USFS > Region 03 > Prescott National Forest > Bradshaw Ranger District > Granite Allotment > North Unit Pasture,KA3,-112.59977,34.71138,10/28/2025,JUNIP,98,6.122448979591836,USFS R3 Tenth Acre,4
USFS > Region 03 > Prescott National Forest > Bradshaw Ranger District > Granite Allotment > North Unit Pasture,KA3,-112.59977,34.71138,10/28/2025,LYBE,98,0.7142857142857143,USFS R3 Tenth Acre,4
USFS > Region 03 > Prescott National Forest > Bradshaw Ranger District > Granite Allotment > North Unit Pasture,KA3,-112.59977,34.71138,10/28/2025,MATR3,98,1.7346938775510203,USFS R3 Tenth Acre,4
USFS > Region 03 > Prescott National Forest > Bradshaw Ranger District > Granite Allotment > North Unit Pasture,KA3,-112.59977,34.71138,10/28/2025,PIED,98,3.979591836734694,USFS R3 Tenth Acre,4
USFS > Region 03 > Prescott National Forest > Bradshaw Ranger District > Granite Allotment > North Unit Pasture,KA3,-112.59977,34.71138,10/28/2025,QUTU2,98,14.795918367346939,USFS R3 Tenth Acre,4
USFS > Region 03 > Prescott National Forest > Bradshaw Ranger District > Granite Allotment > North Unit Pasture,KA3,-112.59977,34.71138,10/28/2025,RHTR,98,3.979591836734694,USFS R3 Tenth Acre,4
USFS > Region 03 > Prescott National Forest > Bradshaw Ranger District > Granite Allotment > North Unit Pasture,KA3,-112.59977,34.71138,10/28/2025,SPAM2,98,0.6122448979591837,USFS R3 Tenth Acre,4
USFS > Region 03 > Prescott National Forest > Bradshaw Ranger District > Granite Allotment > North Unit Pasture,KA3,-112.59977,34.71138,10/28/2025,SPCR,98,1.6326530612244898,USFS R3 Tenth Acre,4
USFS > Region 03 > Prescott National Forest > Bradshaw Ranger District > Granite Allotment > South Unit Pasture,KA2,-112.620866,34.664127,10/27/2025,AAFF,100,3,USFS R3 Tenth Acre,0.1
USFS > Region 03 > Prescott National Forest > Bradshaw Ranger District > Granite Allotment > South Unit Pasture,KA2,-112.620866,34.664127,10/27/2025,AMBRO,100,0.1,USFS R3 Tenth Acre,0.1
USFS > Region 03 > Prescott National Forest > Bradshaw Ranger District > Granite Allotment > South Unit Pasture,KA2,-112.620866,34.664127,10/27/2025,ARIST,100,24.8,USFS R3 Tenth Acre,0.1
USFS > Region 03 > Prescott National Forest > Bradshaw Ranger District > Granite Allotment > South Unit Pasture,KA2,-112.620866,34.664127,10/27/2025,BOER4,100,2.6,USFS R3 Tenth Acre,0.1
USFS > Region 03 > Prescott National Forest > Bradshaw Ranger District > Granite Allotment > South Unit Pasture,KA2,-112.620866,34.664127,10/27/2025,BOGR2,100,35.3,USFS R3 Tenth Acre,0.1
USFS > Region 03 > Prescott National Forest > Bradshaw Ranger District > Granite Allotment > South Unit Pasture,KA2,-112.620866,34.664127,10/27/2025,CHER2,100,0.2,USFS R3 Tenth Acre,0.1
USFS > Region 03 > Prescott National Forest > Bradshaw Ranger District > Granite Allotment > South Unit Pasture,KA2,-112.620866,34.664127,10/27/2025,DAPU7,100,0.2,USFS R3 Tenth Acre,0.1
USFS > Region 03 > Prescott National Forest > Bradshaw Ranger District > Granite Allotment > South Unit Pasture,KA2,-112.620866,34.664127,10/27/2025,ELEL5,100,0.1,USFS R3 Tenth Acre,0.1
USFS > Region 03 > Prescott National Forest > Bradshaw Ranger District > Granite Allotment > South Unit Pasture,KA2,-112.620866,34.664127,10/27/2025,ERIOG,100,12.9,USFS R3 Tenth Acre,0.1
USFS > Region 03 > Prescott National Forest > Bradshaw Ranger District > Granite Allotment > South Unit Pasture,KA2,-112.620866,34.664127,10/27/2025,EVOLV,100,0.2,USFS R3 Tenth Acre,0.1
USFS > Region 03 > Prescott National Forest > Bradshaw Ranger District > Granite Allotment > South Unit Pasture,KA2,-112.620866,34.664127,10/27/2025,JUMO,100,4.1,USFS R3 Tenth Acre,0.1
USFS > Region 03 > Prescott National Forest > Bradshaw Ranger District > Granite Allotment > South Unit Pasture,KA2,-112.620866,34.664127,10/27/2025,LYPH,100,4.6,USFS R3 Tenth Acre,0.1
USFS > Region 03 > Prescott National Forest > Bradshaw Ranger District > Granite Allotment > South Unit Pasture,KA2,-112.620866,34.664127,10/27/2025,MURI,100,0.2,USFS R3 Tenth Acre,0.1
USFS > Region 03 > Prescott National Forest > Bradshaw Ranger District > Granite Allotment > South Unit Pasture,KA2,-112.620866,34.664127,10/27/2025,QUTU2,100,9.6,USFS R3 Tenth Acre,0.1
USFS > Region 03 > Prescott National Forest > Bradshaw Ranger District > Granite Allotment > South Unit Pasture,KA2,-112.620866,34.664127,10/27/2025,SPAM2,100,0.8,USFS R3 Tenth Acre,0.1
USFS > Region 03 > Prescott National Forest > Bradshaw Ranger District > Granite Allotment > South Unit Pasture,KA2,-112.620866,34.664127,10/27/2025,SPCR,100,1.3,USFS R3 Tenth Acre,0.1
USFS > Region 03 > Prescott National Forest > Bradshaw Ranger District > Peck Canyon Allotment > A-Y Pasture,C6,-112.375988805,34.277752555,11/12/2025,AAFF,100,0.1,NA,NA
USFS > Region 03 > Prescott National Forest > Bradshaw Ranger District > Peck Canyon Allotment > A-Y Pasture,C6,-112.375988805,34.277752555,11/12/2025,ARPU9,100,0.1,NA,NA
USFS > Region 03 > Prescott National Forest > Bradshaw Ranger District > Peck Canyon Allotment > A-Y Pasture,C6,-112.375988805,34.277752555,11/12/2025,ARPUC2,100,1.7,NA,NA
USFS > Region 03 > Prescott National Forest > Bradshaw Ranger District > Peck Canyon Allotment > A-Y Pasture,C6,-112.375988805,34.277752555,11/12/2025,BOCU,100,0.4,NA,NA
USFS > Region 03 > Prescott National Forest > Bradshaw Ranger District > Peck Canyon Allotment > A-Y Pasture,C6,-112.375988805,34.277752555,11/12/2025,CEGR,100,6.3,NA,NA
USFS > Region 03 > Prescott National Forest > Bradshaw Ranger District > Peck Canyon Allotment > A-Y Pasture,C6,-112.375988805,34.277752555,11/12/2025,CEMO2,100,0.6,NA,NA
USFS > Region 03 > Prescott National Forest > Bradshaw Ranger District > Peck Canyon Allotment > A-Y Pasture,C6,-112.375988805,34.277752555,11/12/2025,ERLE,100,18.9,NA,NA
USFS > Region 03 > Prescott National Forest > Bradshaw Ranger District > Peck Canyon Allotment > A-Y Pasture,C6,-112.375988805,34.277752555,11/12/2025,GAWR3,100,5.7,NA,NA
USFS > Region 03 > Prescott National Forest > Bradshaw Ranger District > Peck Canyon Allotment > A-Y Pasture,C6,-112.375988805,34.277752555,11/12/2025,MIAC3,100,1,NA,NA
USFS > Region 03 > Prescott National Forest > Bradshaw Ranger District > Peck Canyon Allotment > A-Y Pasture,C6,-112.375988805,34.277752555,11/12/2025,NOLIN,100,4.2,NA,NA
USFS > Region 03 > Prescott National Forest > Bradshaw Ranger District > Peck Canyon Allotment > A-Y Pasture,C6,-112.375988805,34.277752555,11/12/2025,OPUNT,100,0.7,NA,NA
USFS > Region 03 > Prescott National Forest > Bradshaw Ranger District > Peck Canyon Allotment > A-Y Pasture,C6,-112.375988805,34.277752555,11/12/2025,QUTU2,100,57.7,NA,NA
USFS > Region 03 > Prescott National Forest > Bradshaw Ranger District > Peck Canyon Allotment > A-Y Pasture,C6,-112.375988805,34.277752555,11/12/2025,RHOV,100,2.6,NA,NA
USFS > Region 03 > Prescott National Forest > Bradshaw Ranger District > Peck Canyon Allotment > Crazy Basin Pasture,03-09-03-00319-008-C01,-112.23086867623654,34.268042164332584,11/13/2025,2FA,100,15.6,NA,NA
USFS > Region 03 > Prescott National Forest > Bradshaw Ranger District > Peck Canyon Allotment > Crazy Basin Pasture,03-09-03-00319-008-C01,-112.23086867623654,34.268042164332584,11/13/2025,2GA,100,17.4,NA,NA
USFS > Region 03 > Prescott National Forest > Bradshaw Ranger District > Peck Canyon Allotment > Crazy Basin Pasture,03-09-03-00319-008-C01,-112.23086867623654,34.268042164332584,11/13/2025,ACGR,100,5.9,NA,NA
USFS > Region 03 > Prescott National Forest > Bradshaw Ranger District > Peck Canyon Allotment > Crazy Basin Pasture,03-09-03-00319-008-C01,-112.23086867623654,34.268042164332584,11/13/2025,ARIST,100,1.9,NA,NA
USFS > Region 03 > Prescott National Forest > Bradshaw Ranger District > Peck Canyon Allotment > Crazy Basin Pasture,03-09-03-00319-008-C01,-112.23086867623654,34.268042164332584,11/13/2025,ARPU9,100,0.2,NA,NA
USFS > Region 03 > Prescott National Forest > Bradshaw Ranger District > Peck Canyon Allotment > Crazy Basin Pasture,03-09-03-00319-008-C01,-112.23086867623654,34.268042164332584,11/13/2025,ASCLE,100,0.7,NA,NA
USFS > Region 03 > Prescott National Forest > Bradshaw Ranger District > Peck Canyon Allotment > Crazy Basin Pasture,03-09-03-00319-008-C01,-112.23086867623654,34.268042164332584,11/13/2025,BOCU,100,0.6,NA,NA
USFS > Region 03 > Prescott National Forest > Bradshaw Ranger District > Peck Canyon Allotment > Crazy Basin Pasture,03-09-03-00319-008-C01,-112.23086867623654,34.268042164332584,11/13/2025,BOER4,100,0.7,NA,NA
USFS > Region 03 > Prescott National Forest > Bradshaw Ranger District > Peck Canyon Allotment > Crazy Basin Pasture,03-09-03-00319-008-C01,-112.23086867623654,34.268042164332584,11/13/2025,BORO2,100,0.4,NA,NA
USFS > Region 03 > Prescott National Forest > Bradshaw Ranger District > Peck Canyon Allotment > Crazy Basin Pasture,03-09-03-00319-008-C01,-112.23086867623654,34.268042164332584,11/13/2025,CAER,100,4.4,NA,NA
USFS > Region 03 > Prescott National Forest > Bradshaw Ranger District > Peck Canyon Allotment > Crazy Basin Pasture,03-09-03-00319-008-C01,-112.23086867623654,34.268042164332584,11/13/2025,CHAR18,100,0.1,NA,NA
USFS > Region 03 > Prescott National Forest > Bradshaw Ranger District > Peck Canyon Allotment > Crazy Basin Pasture,03-09-03-00319-008-C01,-112.23086867623654,34.268042164332584,11/13/2025,CYLE8,100,6.5,NA,NA
USFS > Region 03 > Prescott National Forest > Bradshaw Ranger District > Peck Canyon Allotment > Crazy Basin Pasture,03-09-03-00319-008-C01,-112.23086867623654,34.268042164332584,11/13/2025,ERLE,100,16.7,NA,NA
USFS > Region 03 > Prescott National Forest > Bradshaw Ranger District > Peck Canyon Allotment > Crazy Basin Pasture,03-09-03-00319-008-C01,-112.23086867623654,34.268042164332584,11/13/2025,FOUQU,100,4.2,NA,NA
USFS > Region 03 > Prescott National Forest > Bradshaw Ranger District > Peck Canyon Allotment > Crazy Basin Pasture,03-09-03-00319-008-C01,-112.23086867623654,34.268042164332584,11/13/2025,KRER,100,0.2,NA,NA
USFS > Region 03 > Prescott National Forest > Bradshaw Ranger District > Peck Canyon Allotment > Crazy Basin Pasture,03-09-03-00319-008-C01,-112.23086867623654,34.268042164332584,11/13/2025,OPEN3,100,4.9,NA,NA
USFS > Region 03 > Prescott National Forest > Bradshaw Ranger District > Peck Canyon Allotment > Crazy Basin Pasture,03-09-03-00319-008-C01,-112.23086867623654,34.268042164332584,11/13/2025,OPUNT,100,2.8,NA,NA
USFS > Region 03 > Prescott National Forest > Bradshaw Ranger District > Peck Canyon Allotment > Crazy Basin Pasture,03-09-03-00319-008-C01,-112.23086867623654,34.268042164332584,11/13/2025,PRVE,100,10.5,NA,NA
USFS > Region 03 > Prescott National Forest > Bradshaw Ranger District > Peck Canyon Allotment > Crazy Basin Pasture,03-09-03-00319-008-C01,-112.23086867623654,34.268042164332584,11/13/2025,SPAM2,100,2.4,NA,NA
USFS > Region 03 > Prescott National Forest > Bradshaw Ranger District > Peck Canyon Allotment > Crazy Basin Pasture,03-09-03-00319-008-C01,-112.23086867623654,34.268042164332584,11/13/2025,SPCR,100,3.9,NA,NA
USFS > Region 03 > Prescott National Forest > Bradshaw Ranger District > Peck Canyon Allotment > Crazy Basin Pasture,03-09-03-00319-008-C02,-112.28336991114953,34.27056059124872,11/12/2025,2FA,100,1.2,USFS R3 Tenth Acre,0.001
USFS > Region 03 > Prescott National Forest > Bradshaw Ranger District > Peck Canyon Allotment > Crazy Basin Pasture,03-09-03-00319-008-C02,-112.28336991114953,34.27056059124872,11/12/2025,2GA,100,1.3,USFS R3 Tenth Acre,0.001
USFS > Region 03 > Prescott National Forest > Bradshaw Ranger District > Peck Canyon Allotment > Crazy Basin Pasture,03-09-03-00319-008-C02,-112.28336991114953,34.27056059124872,11/12/2025,AAFF,100,1.1,USFS R3 Tenth Acre,0.001
USFS > Region 03 > Prescott National Forest > Bradshaw Ranger District > Peck Canyon Allotment > Crazy Basin Pasture,03-09-03-00319-008-C02,-112.28336991114953,34.27056059124872,11/12/2025,AAGG,100,0.5,USFS R3 Tenth Acre,0.001
USFS > Region 03 > Prescott National Forest > Bradshaw Ranger District > Peck Canyon Allotment > Crazy Basin Pasture,03-09-03-00319-008-C02,-112.28336991114953,34.27056059124872,11/12/2025,ACGR,100,14,USFS R3 Tenth Acre,0.001
USFS > Region 03 > Prescott National Forest > Bradshaw Ranger District > Peck Canyon Allotment > Crazy Basin Pasture,03-09-03-00319-008-C02,-112.28336991114953,34.27056059124872,11/12/2025,ANRU4,100,0.3,USFS R3 Tenth Acre,0.001
USFS > Region 03 > Prescott National Forest > Bradshaw Ranger District > Peck Canyon Allotment > Crazy Basin Pasture,03-09-03-00319-008-C02,-112.28336991114953,34.27056059124872,11/12/2025,ARIST,100,0.2,USFS R3 Tenth Acre,0.001
USFS > Region 03 > Prescott National Forest > Bradshaw Ranger District > Peck Canyon Allotment > Crazy Basin Pasture,03-09-03-00319-008-C02,-112.28336991114953,34.27056059124872,11/12/2025,BOCU,100,0.1,USFS R3 Tenth Acre,0.001
USFS > Region 03 > Prescott National Forest > Bradshaw Ranger District > Peck Canyon Allotment > Crazy Basin Pasture,03-09-03-00319-008-C02,-112.28336991114953,34.27056059124872,11/12/2025,BOER4,100,5.4,USFS R3 Tenth Acre,0.001
USFS > Region 03 > Prescott National Forest > Bradshaw Ranger District > Peck Canyon Allotment > Crazy Basin Pasture,03-09-03-00319-008-C02,-112.28336991114953,34.27056059124872,11/12/2025,BORO2,100,10.7,USFS R3 Tenth Acre,0.001
USFS > Region 03 > Prescott National Forest > Bradshaw Ranger District > Peck Canyon Allotment > Crazy Basin Pasture,03-09-03-00319-008-C02,-112.28336991114953,34.27056059124872,11/12/2025,CAER,100,19.3,USFS R3 Tenth Acre,0.001
USFS > Region 03 > Prescott National Forest > Bradshaw Ranger District > Peck Canyon Allotment > Crazy Basin Pasture,03-09-03-00319-008-C02,-112.28336991114953,34.27056059124872,11/12/2025,ECEN,100,0.7,USFS R3 Tenth Acre,0.001
USFS > Region 03 > Prescott National Forest > Bradshaw Ranger District > Peck Canyon Allotment > Crazy Basin Pasture,03-09-03-00319-008-C02,-112.28336991114953,34.27056059124872,11/12/2025,ERLE,100,30.8,USFS R3 Tenth Acre,0.001
USFS > Region 03 > Prescott National Forest > Bradshaw Ranger District > Peck Canyon Allotment > Crazy Basin Pasture,03-09-03-00319-008-C02,-112.28336991114953,34.27056059124872,11/12/2025,GUSA2,100,0.2,USFS R3 Tenth Acre,0.001
USFS > Region 03 > Prescott National Forest > Bradshaw Ranger District > Peck Canyon Allotment > Crazy Basin Pasture,03-09-03-00319-008-C02,-112.28336991114953,34.27056059124872,11/12/2025,IPOMO,100,0.1,USFS R3 Tenth Acre,0.001
USFS > Region 03 > Prescott National Forest > Bradshaw Ranger District > Peck Canyon Allotment > Crazy Basin Pasture,03-09-03-00319-008-C02,-112.28336991114953,34.27056059124872,11/12/2025,OPEN3,100,13.5,USFS R3 Tenth Acre,0.001
USFS > Region 03 > Prescott National Forest > Bradshaw Ranger District > Peck Canyon Allotment > Crazy Basin Pasture,03-09-03-00319-008-C02,-112.28336991114953,34.27056059124872,11/12/2025,PRVE,100,0.4,USFS R3 Tenth Acre,0.001
USFS > Region 03 > Prescott National Forest > Bradshaw Ranger District > Peck Canyon Allotment > Crazy Basin Pasture,03-09-03-00319-008-C02,-112.28336991114953,34.27056059124872,11/12/2025,SPCR,100,0.2,USFS R3 Tenth Acre,0.001
USFS > Region 03 > Prescott National Forest > Bradshaw Ranger District > Toohey Allotment > Cowboy Unit Pasture,KA1,-112.638209,34.672223,10/27/2025,AAFF,99,3.7373737373737375,NA,NA
USFS > Region 03 > Prescott National Forest > Bradshaw Ranger District > Toohey Allotment > Cowboy Unit Pasture,KA1,-112.638209,34.672223,10/27/2025,AMBRO,99,0.30303030303030304,NA,NA
USFS > Region 03 > Prescott National Forest > Bradshaw Ranger District > Toohey Allotment > Cowboy Unit Pasture,KA1,-112.638209,34.672223,10/27/2025,ARIST,99,6.666666666666667,NA,NA
USFS > Region 03 > Prescott National Forest > Bradshaw Ranger District > Toohey Allotment > Cowboy Unit Pasture,KA1,-112.638209,34.672223,10/27/2025,ARPU5,99,1.6161616161616161,NA,NA
USFS > Region 03 > Prescott National Forest > Bradshaw Ranger District > Toohey Allotment > Cowboy Unit Pasture,KA1,-112.638209,34.672223,10/27/2025,ASCLE,99,0.20202020202020202,NA,NA
USFS > Region 03 > Prescott National Forest > Bradshaw Ranger District > Toohey Allotment > Cowboy Unit Pasture,KA1,-112.638209,34.672223,10/27/2025,BOCU,99,3.8383838383838382,NA,NA
USFS > Region 03 > Prescott National Forest > Bradshaw Ranger District > Toohey Allotment > Cowboy Unit Pasture,KA1,-112.638209,34.672223,10/27/2025,BOER4,99,5.656565656565657,NA,NA
USFS > Region 03 > Prescott National Forest > Bradshaw Ranger District > Toohey Allotment > Cowboy Unit Pasture,KA1,-112.638209,34.672223,10/27/2025,BOGR2,99,45.35353535353536,NA,NA
USFS > Region 03 > Prescott National Forest > Bradshaw Ranger District > Toohey Allotment > Cowboy Unit Pasture,KA1,-112.638209,34.672223,10/27/2025,CAHU,99,3.3333333333333335,NA,NA
USFS > Region 03 > Prescott National Forest > Bradshaw Ranger District > Toohey Allotment > Cowboy Unit Pasture,KA1,-112.638209,34.672223,10/27/2025,CHER2,99,0.9090909090909091,NA,NA
USFS > Region 03 > Prescott National Forest > Bradshaw Ranger District > Toohey Allotment > Cowboy Unit Pasture,KA1,-112.638209,34.672223,10/27/2025,ELEL5,99,0.20202020202020202,NA,NA
USFS > Region 03 > Prescott National Forest > Bradshaw Ranger District > Toohey Allotment > Cowboy Unit Pasture,KA1,-112.638209,34.672223,10/27/2025,ERIOG,99,5.656565656565657,NA,NA
USFS > Region 03 > Prescott National Forest > Bradshaw Ranger District > Toohey Allotment > Cowboy Unit Pasture,KA1,-112.638209,34.672223,10/27/2025,EVOLV,99,0.20202020202020202,NA,NA
USFS > Region 03 > Prescott National Forest > Bradshaw Ranger District > Toohey Allotment > Cowboy Unit Pasture,KA1,-112.638209,34.672223,10/27/2025,GUSA2,99,0.5050505050505051,NA,NA
USFS > Region 03 > Prescott National Forest > Bradshaw Ranger District > Toohey Allotment > Cowboy Unit Pasture,KA1,-112.638209,34.672223,10/27/2025,JUNIP,99,7.373737373737374,NA,NA
USFS > Region 03 > Prescott National Forest > Bradshaw Ranger District > Toohey Allotment > Cowboy Unit Pasture,KA1,-112.638209,34.672223,10/27/2025,LYBE,99,0.20202020202020202,NA,NA
USFS > Region 03 > Prescott National Forest > Bradshaw Ranger District > Toohey Allotment > Cowboy Unit Pasture,KA1,-112.638209,34.672223,10/27/2025,LYPH,99,1.2121212121212122,NA,NA
USFS > Region 03 > Prescott National Forest > Bradshaw Ranger District > Toohey Allotment > Cowboy Unit Pasture,KA1,-112.638209,34.672223,10/27/2025,MATR3,99,2.0202020202020203,NA,NA
USFS > Region 03 > Prescott National Forest > Bradshaw Ranger District > Toohey Allotment > Cowboy Unit Pasture,KA1,-112.638209,34.672223,10/27/2025,MORUS,99,0.20202020202020202,NA,NA
USFS > Region 03 > Prescott National Forest > Bradshaw Ranger District > Toohey Allotment > Cowboy Unit Pasture,KA1,-112.638209,34.672223,10/27/2025,QUTU2,99,9.292929292929292,NA,NA
USFS > Region 03 > Prescott National Forest > Bradshaw Ranger District > Toohey Allotment > Cowboy Unit Pasture,KA1,-112.638209,34.672223,10/27/2025,RHTR,99,1.0101010101010102,NA,NA
USFS > Region 03 > Prescott National Forest > Bradshaw Ranger District > Toohey Allotment > Cowboy Unit Pasture,KA1,-112.638209,34.672223,10/27/2025,SPAM2,99,0.30303030303030304,NA,NA
USFS > Region 03 > Prescott National Forest > Bradshaw Ranger District > Toohey Allotment > Cowboy Unit Pasture,KA1,-112.638209,34.672223,10/27/2025,SPCR,99,0.20202020202020202,NA,NA
USFS > Region 03 > Prescott National Forest > Bradshaw Ranger District > Toohey Allotment > Walker Unit Pasture,03-09-03-00315-006-002,-112.63540020329378,34.71264903805469,10/27/2025,2FA,100,3.1,USFS R3 Tenth Acre,3
USFS > Region 03 > Prescott National Forest > Bradshaw Ranger District > Toohey Allotment > Walker Unit Pasture,03-09-03-00315-006-002,-112.63540020329378,34.71264903805469,10/27/2025,2GA,100,0.8,USFS R3 Tenth Acre,3
USFS > Region 03 > Prescott National Forest > Bradshaw Ranger District > Toohey Allotment > Walker Unit Pasture,03-09-03-00315-006-002,-112.63540020329378,34.71264903805469,10/27/2025,ARIST,100,16.6,USFS R3 Tenth Acre,3
USFS > Region 03 > Prescott National Forest > Bradshaw Ranger District > Toohey Allotment > Walker Unit Pasture,03-09-03-00315-006-002,-112.63540020329378,34.71264903805469,10/27/2025,BOER4,100,13.9,USFS R3 Tenth Acre,3
USFS > Region 03 > Prescott National Forest > Bradshaw Ranger District > Toohey Allotment > Walker Unit Pasture,03-09-03-00315-006-002,-112.63540020329378,34.71264903805469,10/27/2025,BOGR2,100,37.6,USFS R3 Tenth Acre,3
USFS > Region 03 > Prescott National Forest > Bradshaw Ranger District > Toohey Allotment > Walker Unit Pasture,03-09-03-00315-006-002,-112.63540020329378,34.71264903805469,10/27/2025,CAHU,100,0.1,USFS R3 Tenth Acre,3
USFS > Region 03 > Prescott National Forest > Bradshaw Ranger District > Toohey Allotment > Walker Unit Pasture,03-09-03-00315-006-002,-112.63540020329378,34.71264903805469,10/27/2025,CHER2,100,0.3,USFS R3 Tenth Acre,3
USFS > Region 03 > Prescott National Forest > Bradshaw Ranger District > Toohey Allotment > Walker Unit Pasture,03-09-03-00315-006-002,-112.63540020329378,34.71264903805469,10/27/2025,CHOLLA,100,0.9,USFS R3 Tenth Acre,3
USFS > Region 03 > Prescott National Forest > Bradshaw Ranger District > Toohey Allotment > Walker Unit Pasture,03-09-03-00315-006-002,-112.63540020329378,34.71264903805469,10/27/2025,ERWR,100,15,USFS R3 Tenth Acre,3
USFS > Region 03 > Prescott National Forest > Bradshaw Ranger District > Toohey Allotment > Walker Unit Pasture,03-09-03-00315-006-002,-112.63540020329378,34.71264903805469,10/27/2025,JUNIP,100,1.4,USFS R3 Tenth Acre,3
USFS > Region 03 > Prescott National Forest > Bradshaw Ranger District > Toohey Allotment > Walker Unit Pasture,03-09-03-00315-006-002,-112.63540020329378,34.71264903805469,10/27/2025,LYPH,100,3,USFS R3 Tenth Acre,3
USFS > Region 03 > Prescott National Forest > Bradshaw Ranger District > Toohey Allotment > Walker Unit Pasture,03-09-03-00315-006-002,-112.63540020329378,34.71264903805469,10/27/2025,MUTO2,100,2.2,USFS R3 Tenth Acre,3
USFS > Region 03 > Prescott National Forest > Bradshaw Ranger District > Toohey Allotment > Walker Unit Pasture,03-09-03-00315-006-002,-112.63540020329378,34.71264903805469,10/27/2025,QUBE5,100,2.8,USFS R3 Tenth Acre,3
USFS > Region 03 > Prescott National Forest > Bradshaw Ranger District > Toohey Allotment > Walker Unit Pasture,03-09-03-00315-006-002,-112.63540020329378,34.71264903805469,10/27/2025,SPCR,100,2.1,USFS R3 Tenth Acre,3
USFS > Region 03 > Prescott National Forest > Bradshaw Ranger District > Toohey Allotment > Walker Unit Pasture,03-09-03-00315-006-002,-112.63540020329378,34.71264903805469,10/27/2025,SPHAE,100,0.2,USFS R3 Tenth Acre,3
USFS > Region 03 > Prescott National Forest > Bradshaw Ranger District > Toohey Allotment > West Unit Pasture,KA3,-112.68477,34.669615,10/28/2025,AAFF,100,0.8,USFS R3 Tenth Acre,0.002
USFS > Region 03 > Prescott National Forest > Bradshaw Ranger District > Toohey Allotment > West Unit Pasture,KA3,-112.68477,34.669615,10/28/2025,ARIST,100,22.5,USFS R3 Tenth Acre,0.002
USFS > Region 03 > Prescott National Forest > Bradshaw Ranger District > Toohey Allotment > West Unit Pasture,KA3,-112.68477,34.669615,10/28/2025,BOCU,100,16,USFS R3 Tenth Acre,0.002
USFS > Region 03 > Prescott National Forest > Bradshaw Ranger District > Toohey Allotment > West Unit Pasture,KA3,-112.68477,34.669615,10/28/2025,BOGR2,100,39.3,USFS R3 Tenth Acre,0.002
USFS > Region 03 > Prescott National Forest > Bradshaw Ranger District > Toohey Allotment > West Unit Pasture,KA3,-112.68477,34.669615,10/28/2025,ERIOG,100,4.1,USFS R3 Tenth Acre,0.002
USFS > Region 03 > Prescott National Forest > Bradshaw Ranger District > Toohey Allotment > West Unit Pasture,KA3,-112.68477,34.669615,10/28/2025,EVOLV,100,0.2,USFS R3 Tenth Acre,0.002
USFS > Region 03 > Prescott National Forest > Bradshaw Ranger District > Toohey Allotment > West Unit Pasture,KA3,-112.68477,34.669615,10/28/2025,FOPU2,100,2.1,USFS R3 Tenth Acre,0.002
USFS > Region 03 > Prescott National Forest > Bradshaw Ranger District > Toohey Allotment > West Unit Pasture,KA3,-112.68477,34.669615,10/28/2025,GUSA2,100,0.1,USFS R3 Tenth Acre,0.002
USFS > Region 03 > Prescott National Forest > Bradshaw Ranger District > Toohey Allotment > West Unit Pasture,KA3,-112.68477,34.669615,10/28/2025,HOGL2,100,0.1,USFS R3 Tenth Acre,0.002
USFS > Region 03 > Prescott National Forest > Bradshaw Ranger District > Toohey Allotment > West Unit Pasture,KA3,-112.68477,34.669615,10/28/2025,JUDE2,100,1.6,USFS R3 Tenth Acre,0.002
USFS > Region 03 > Prescott National Forest > Bradshaw Ranger District > Toohey Allotment > West Unit Pasture,KA3,-112.68477,34.669615,10/28/2025,MATR3,100,0.7,USFS R3 Tenth Acre,0.002
USFS > Region 03 > Prescott National Forest > Bradshaw Ranger District > Toohey Allotment > West Unit Pasture,KA3,-112.68477,34.669615,10/28/2025,MUTO2,100,0.7,USFS R3 Tenth Acre,0.002
USFS > Region 03 > Prescott National Forest > Bradshaw Ranger District > Toohey Allotment > West Unit Pasture,KA3,-112.68477,34.669615,10/28/2025,PUST,100,0.2,USFS R3 Tenth Acre,0.002
USFS > Region 03 > Prescott National Forest > Bradshaw Ranger District > Toohey Allotment > West Unit Pasture,KA3,-112.68477,34.669615,10/28/2025,QUEM,100,10.5,USFS R3 Tenth Acre,0.002
USFS > Region 03 > Prescott National Forest > Bradshaw Ranger District > Toohey Allotment > West Unit Pasture,KA3,-112.68477,34.669615,10/28/2025,RHTR,100,1.1,USFS R3 Tenth Acre,0.002
USFS > Region 03 > Prescott National Forest > Bradshaw Ranger District > Toohey Allotment > West Unit Pasture,KA4,-112.704877,34.665597,10/28/2025,AAFF,99,2.0202020202020203,USFS R3 Tenth Acre,5.1
USFS > Region 03 > Prescott National Forest > Bradshaw Ranger District > Toohey Allotment > West Unit Pasture,KA4,-112.704877,34.665597,10/28/2025,ALNUS,99,0.9090909090909091,USFS R3 Tenth Acre,5.1
USFS > Region 03 > Prescott National Forest > Bradshaw Ranger District > Toohey Allotment > West Unit Pasture,KA4,-112.704877,34.665597,10/28/2025,ARIST,99,37.97979797979798,USFS R3 Tenth Acre,5.1
USFS > Region 03 > Prescott National Forest > Bradshaw Ranger District > Toohey Allotment > West Unit Pasture,KA4,-112.704877,34.665597,10/28/2025,ARPU5,99,13.83838383838384,USFS R3 Tenth Acre,5.1
USFS > Region 03 > Prescott National Forest > Bradshaw Ranger District > Toohey Allotment > West Unit Pasture,KA4,-112.704877,34.665597,10/28/2025,BOCU,99,2.8282828282828283,USFS R3 Tenth Acre,5.1
USFS > Region 03 > Prescott National Forest > Bradshaw Ranger District > Toohey Allotment > West Unit Pasture,KA4,-112.704877,34.665597,10/28/2025,BOGR2,99,0.30303030303030304,USFS R3 Tenth Acre,5.1
USFS > Region 03 > Prescott National Forest > Bradshaw Ranger District > Toohey Allotment > West Unit Pasture,KA4,-112.704877,34.665597,10/28/2025,ERIOG,99,11.515151515151516,USFS R3 Tenth Acre,5.1
USFS > Region 03 > Prescott National Forest > Bradshaw Ranger District > Toohey Allotment > West Unit Pasture,KA4,-112.704877,34.665597,10/28/2025,EVOLV,99,0.7070707070707071,USFS R3 Tenth Acre,5.1
USFS > Region 03 > Prescott National Forest > Bradshaw Ranger District > Toohey Allotment > West Unit Pasture,KA4,-112.704877,34.665597,10/28/2025,FOPU2,99,6.8686868686868685,USFS R3 Tenth Acre,5.1
USFS > Region 03 > Prescott National Forest > Bradshaw Ranger District > Toohey Allotment > West Unit Pasture,KA4,-112.704877,34.665597,10/28/2025,GUSA2,99,0.9090909090909091,USFS R3 Tenth Acre,5.1
USFS > Region 03 > Prescott National Forest > Bradshaw Ranger District > Toohey Allotment > West Unit Pasture,KA4,-112.704877,34.665597,10/28/2025,JUDE2,99,3.5353535353535355,USFS R3 Tenth Acre,5.1
USFS > Region 03 > Prescott National Forest > Bradshaw Ranger District > Toohey Allotment > West Unit Pasture,KA4,-112.704877,34.665597,10/28/2025,JUMA,99,0.9090909090909091,USFS R3 Tenth Acre,5.1
USFS > Region 03 > Prescott National Forest > Bradshaw Ranger District > Toohey Allotment > West Unit Pasture,KA4,-112.704877,34.665597,10/28/2025,LYBE,99,0.7070707070707071,USFS R3 Tenth Acre,5.1
USFS > Region 03 > Prescott National Forest > Bradshaw Ranger District > Toohey Allotment > West Unit Pasture,KA4,-112.704877,34.665597,10/28/2025,MUTO2,99,2.0202020202020203,USFS R3 Tenth Acre,5.1
USFS > Region 03 > Prescott National Forest > Bradshaw Ranger District > Toohey Allotment > West Unit Pasture,KA4,-112.704877,34.665597,10/28/2025,PUST,99,0.30303030303030304,USFS R3 Tenth Acre,5.1
USFS > Region 03 > Prescott National Forest > Bradshaw Ranger District > Toohey Allotment > West Unit Pasture,KA4,-112.704877,34.665597,10/28/2025,QUEM,99,12.424242424242424,USFS R3 Tenth Acre,5.1
USFS > Region 03 > Prescott National Forest > Bradshaw Ranger District > Toohey Allotment > West Unit Pasture,KA4,-112.704877,34.665597,10/28/2025,QUTU2,99,1.0101010101010102,USFS R3 Tenth Acre,5.1
USFS > Region 03 > Prescott National Forest > Bradshaw Ranger District > Toohey Allotment > West Unit Pasture,KA4,-112.704877,34.665597,10/28/2025,RHTR,99,0.40404040404040403,USFS R3 Tenth Acre,5.1
USFS > Region 03 > Prescott National Forest > Bradshaw Ranger District > Toohey Allotment > West Unit Pasture,KA4,-112.704877,34.665597,10/28/2025,RIMO2,99,0.20202020202020202,USFS R3 Tenth Acre,5.1
USFS > Region 03 > Prescott National Forest > Bradshaw Ranger District > Toohey Allotment > West Unit Pasture,KA4,-112.704877,34.665597,10/28/2025,SPAM2,99,0.20202020202020202,USFS R3 Tenth Acre,5.1
USFS > Region 03 > Prescott National Forest > Bradshaw Ranger District > Toohey Allotment > West Unit Pasture,KA4,-112.704877,34.665597,10/28/2025,SPCR,99,0.30303030303030304,USFS R3 Tenth Acre,5.1
USFS > Region 03 > Prescott National Forest > Bradshaw Ranger District > Toohey Allotment > West Unit Pasture,KA4,-112.704877,34.665597,10/28/2025,ZIAC,99,0.10101010101010101,USFS R3 Tenth Acre,5.1
USFS > Region 03 > Prescott National Forest > Bradshaw Ranger District > Big Bug Allotment > Bannie-Eugene Pasture,03-09-03-00300-012-C14,-112.34352120557357,34.49436024792024,11/14/2024,NA,NA,NA,USFS R3 Tenth Acre,7
USFS > Region 03 > Prescott National Forest > Bradshaw Ranger District > Big Bug Allotment > Poland Pasture,03-09-03-00300-013-C05,-112.29129492968883,34.442532324154584,11/14/2024,NA,NA,NA,USFS R3 Tenth Acre,0.001
USFS > Region 03 > Prescott National Forest > Bradshaw Ranger District > Big Bug Allotment > Smith Pasture,03-09-03-00300-014-C01,-112.40499850924029,34.537690592321105,11/14/2024,NA,NA,NA,USFS R3 Tenth Acre,6
USFS > Region 03 > Prescott National Forest > Bradshaw Ranger District > Blue Bell Allotment > Mineral Pasture,03-09-03-00316-001-KA8,-112.267895,34.339665,10/30/2024,NA,NA,NA,USFS R3 Tenth Acre,4
USFS > Region 03 > Prescott National Forest > Bradshaw Ranger District > Brady Allotment > Monument Pasture,03-09-03-00317-008-C03,-112.27330728675462,34.38538772630059,11/4/2024,NA,NA,NA,USFS R3 Tenth Acre,0.001
USFS > Region 03 > Prescott National Forest > Bradshaw Ranger District > Brady Allotment > Mule Pasture,03-09-03-00317-007-C01,-112.28701687027396,34.36862496849725,11/4/2024,NA,NA,NA,USFS R3 Tenth Acre,2
USFS > Region 03 > Prescott National Forest > Bradshaw Ranger District > Brady Allotment > York Pasture,03-09-03-00317-005-C7,NA,NA,11/5/2024,NA,NA,NA,USFS R3 Tenth Acre,0.001
USFS > Region 03 > Prescott National Forest > Bradshaw Ranger District > Tank Creek Allotment > D-1 East Pasture,03-09-03-00312-008-C13b,-112.71441805041624,34.62247049256705,10/22/2024,NA,NA,NA,USFS R3 Tenth Acre,30
USFS > Region 03 > Prescott National Forest > Bradshaw Ranger District > Tank Creek Allotment > D-1 West Pasture,03-09-03-00312-008-C45,-112.787417167,34.636728333,10/22/2024,NA,NA,NA,USFS R3 Tenth Acre,22
USFS > Region 03 > Prescott National Forest > Bradshaw Ranger District > Tank Creek Allotment > North Tonto Pasture,03-09-03-00312-012-C07,-112.68323767134645,34.63558219130771,10/23/2024,NA,NA,NA,USFS R3 Tenth Acre,2
USFS > Region 03 > Prescott National Forest > Bradshaw Ranger District > Tank Creek Allotment > South Pasture,03-09-03-00312-001-C40b,-112.82078179121606,34.552467102206144,10/21/2024,NA,NA,NA,USFS R3 Tenth Acre,0.001
USFS > Region 03 > Prescott National Forest > Bradshaw Ranger District > Tank Creek Allotment > South Pasture,03-09-03-00312-001-C43b,-112.8227578959197,34.573608234899886,10/21/2024,NA,NA,NA,USFS R3 Tenth Acre,0.001
USFS > Region 03 > Prescott National Forest > Bradshaw Ranger District > Tank Creek Allotment > Sycamore-Dougherty Pasture,03-09-03-00312-004-KA10,NA,NA,10/22/2024,NA,NA,NA,USFS R3 Tenth Acre,17
USFS > Region 03 > Prescott National Forest > Bradshaw Ranger District > Toohey Allotment > Cowboy Unit Pasture,KA1,-112.638209,34.672223,10/29/2025,NA,NA,NA,USFS R3 Tenth Acre,14
USFS > Region 03 > Prescott National Forest > Bradshaw Ranger District > Wolf Creek Allotment > Hay Pasture,03-09-03-00322-005-C3,-112.276389859,34.345493107,10/30/2024,NA,NA,NA,USFS R3 Tenth Acre,0.001
