Ancestry,SiteID,Lon.x,Lat.x,Date.x,SpeciesSymbol,SiteTotalFrames,Composition,ProtocolType,Lat.y,Lon.y,Date.y,JunipCover
USFS > Region 03 > Prescott National Forest > Bradshaw Ranger District > Board Creek Allotment > Box Unit Pasture,KA10,NA,NA,11/14/2025,ABUTI,95,2.8421052631578947,USFS R3 Tenth Acre,NA,NA,11/14/2025,0.001
USFS > Region 03 > Prescott National Forest > Bradshaw Ranger District > Board Creek Allotment > Box Unit Pasture,KA10,NA,NA,11/14/2025,ARTE3,95,3.5789473684210527,USFS R3 Tenth Acre,NA,NA,11/14/2025,0.001
USFS > Region 03 > Prescott National Forest > Bradshaw Ranger District > Board Creek Allotment > Box Unit Pasture,KA10,NA,NA,11/14/2025,BOCU,95,55.1578947368421,USFS R3 Tenth Acre,NA,NA,11/14/2025,0.001
USFS > Region 03 > Prescott National Forest > Bradshaw Ranger District > Board Creek Allotment > Box Unit Pasture,KA10,NA,NA,11/14/2025,BOER4,95,5.157894736842105,USFS R3 Tenth Acre,NA,NA,11/14/2025,0.001
USFS > Region 03 > Prescott National Forest > Bradshaw Ranger District > Board Creek Allotment > Box Unit Pasture,KA10,NA,NA,11/14/2025,BOGR2,95,6.842105263157895,USFS R3 Tenth Acre,NA,NA,11/14/2025,0.001
USFS > Region 03 > Prescott National Forest > Bradshaw Ranger District > Board Creek Allotment > Box Unit Pasture,KA10,NA,NA,11/14/2025,BOHI2,95,10,USFS R3 Tenth Acre,NA,NA,11/14/2025,0.001
USFS > Region 03 > Prescott National Forest > Bradshaw Ranger District > Board Creek Allotment > Box Unit Pasture,KA10,NA,NA,11/14/2025,ELEL5,95,1.0526315789473684,USFS R3 Tenth Acre,NA,NA,11/14/2025,0.001
USFS > Region 03 > Prescott National Forest > Bradshaw Ranger District > Board Creek Allotment > Box Unit Pasture,KA10,NA,NA,11/14/2025,HIBE,95,7.684210526315789,USFS R3 Tenth Acre,NA,NA,11/14/2025,0.001
USFS > Region 03 > Prescott National Forest > Bradshaw Ranger District > Board Creek Allotment > Box Unit Pasture,KA10,NA,NA,11/14/2025,PAHA,95,2.6315789473684212,USFS R3 Tenth Acre,NA,NA,11/14/2025,0.001
USFS > Region 03 > Prescott National Forest > Bradshaw Ranger District > Board Creek Allotment > Box Unit Pasture,KA10,NA,NA,11/14/2025,SPAM2,95,1.368421052631579,USFS R3 Tenth Acre,NA,NA,11/14/2025,0.001
USFS > Region 03 > Prescott National Forest > Bradshaw Ranger District > Board Creek Allotment > Box Unit Pasture,KA10,NA,NA,11/14/2025,SPCR,95,0.21052631578947367,USFS R3 Tenth Acre,NA,NA,11/14/2025,0.001
USFS > Region 03 > Prescott National Forest > Bradshaw Ranger District > Board Creek Allotment > Box Unit Pasture,KA10,NA,NA,11/14/2025,VEGO2,95,3.473684210526316,USFS R3 Tenth Acre,NA,NA,11/14/2025,0.001
USFS > Region 03 > Prescott National Forest > Bradshaw Ranger District > Burnt Ranch Allotment > Doce Root Plow Pasture,03-09-03-00304-004-C03,-112.59639678593051,34.59314502235114,11/14/2025,ARIST,55,4.181818181818182,NA,NA,NA,NA,NA
USFS > Region 03 > Prescott National Forest > Bradshaw Ranger District > Burnt Ranch Allotment > Doce Root Plow Pasture,03-09-03-00304-004-C03,-112.59639678593051,34.59314502235114,11/14/2025,ASTER,55,3.090909090909091,NA,NA,NA,NA,NA
USFS > Region 03 > Prescott National Forest > Bradshaw Ranger District > Burnt Ranch Allotment > Doce Root Plow Pasture,03-09-03-00304-004-C03,-112.59639678593051,34.59314502235114,11/14/2025,BOCU,55,4.363636363636363,NA,NA,NA,NA,NA
USFS > Region 03 > Prescott National Forest > Bradshaw Ranger District > Burnt Ranch Allotment > Doce Root Plow Pasture,03-09-03-00304-004-C03,-112.59639678593051,34.59314502235114,11/14/2025,BOGR2,55,1.8181818181818181,NA,NA,NA,NA,NA
USFS > Region 03 > Prescott National Forest > Bradshaw Ranger District > Burnt Ranch Allotment > Doce Root Plow Pasture,03-09-03-00304-004-C03,-112.59639678593051,34.59314502235114,11/14/2025,CAHU,55,43.63636363636363,NA,NA,NA,NA,NA
USFS > Region 03 > Prescott National Forest > Bradshaw Ranger District > Burnt Ranch Allotment > Doce Root Plow Pasture,03-09-03-00304-004-C03,-112.59639678593051,34.59314502235114,11/14/2025,DAPU7,55,10.727272727272727,NA,NA,NA,NA,NA
USFS > Region 03 > Prescott National Forest > Bradshaw Ranger District > Burnt Ranch Allotment > Doce Root Plow Pasture,03-09-03-00304-004-C03,-112.59639678593051,34.59314502235114,11/14/2025,ELEL5,55,1.6363636363636365,NA,NA,NA,NA,NA
USFS > Region 03 > Prescott National Forest > Bradshaw Ranger District > Burnt Ranch Allotment > Doce Root Plow Pasture,03-09-03-00304-004-C03,-112.59639678593051,34.59314502235114,11/14/2025,GUDE,55,1.8181818181818181,NA,NA,NA,NA,NA
USFS > Region 03 > Prescott National Forest > Bradshaw Ranger District > Burnt Ranch Allotment > Doce Root Plow Pasture,03-09-03-00304-004-C03,-112.59639678593051,34.59314502235114,11/14/2025,HIBE,55,1.4545454545454546,NA,NA,NA,NA,NA
USFS > Region 03 > Prescott National Forest > Bradshaw Ranger District > Burnt Ranch Allotment > Doce Root Plow Pasture,03-09-03-00304-004-C03,-112.59639678593051,34.59314502235114,11/14/2025,SPAM2,55,11.272727272727273,NA,NA,NA,NA,NA
USFS > Region 03 > Prescott National Forest > Bradshaw Ranger District > Burnt Ranch Allotment > Doce Root Plow Pasture,03-09-03-00304-004-C03,-112.59639678593051,34.59314502235114,11/14/2025,SPCR,55,4.181818181818182,NA,NA,NA,NA,NA
USFS > Region 03 > Prescott National Forest > Bradshaw Ranger District > Burnt Ranch Allotment > Doce Root Plow Pasture,03-09-03-00304-004-C03,-112.59639678593051,34.59314502235114,11/14/2025,VEGO,55,4.363636363636363,NA,NA,NA,NA,NA
USFS > Region 03 > Prescott National Forest > Bradshaw Ranger District > Burnt Ranch Allotment > Doce Root Plow Pasture,03-09-03-00304-004-C03,-112.59639678593051,34.59314502235114,11/14/2025,VERBA,55,7.454545454545454,NA,NA,NA,NA,NA
USFS > Region 03 > Prescott National Forest > Bradshaw Ranger District > Burnt Ranch Allotment > Unknown Pasture,03-09-03-00304-XXX-C06,NA,NA,12/4/2025,ARIST,97,10.618556701030927,USFS R3 Tenth Acre,NA,NA,12/4/2025,3
USFS > Region 03 > Prescott National Forest > Bradshaw Ranger District > Burnt Ranch Allotment > Unknown Pasture,03-09-03-00304-XXX-C06,NA,NA,12/4/2025,BOCU,97,2.577319587628866,USFS R3 Tenth Acre,NA,NA,12/4/2025,3
USFS > Region 03 > Prescott National Forest > Bradshaw Ranger District > Burnt Ranch Allotment > Unknown Pasture,03-09-03-00304-XXX-C06,NA,NA,12/4/2025,BOGR2,97,1.5463917525773196,USFS R3 Tenth Acre,NA,NA,12/4/2025,3
USFS > Region 03 > Prescott National Forest > Bradshaw Ranger District > Burnt Ranch Allotment > Unknown Pasture,03-09-03-00304-XXX-C06,NA,NA,12/4/2025,BRTE,97,16.49484536082474,USFS R3 Tenth Acre,NA,NA,12/4/2025,3
USFS > Region 03 > Prescott National Forest > Bradshaw Ranger District > Burnt Ranch Allotment > Unknown Pasture,03-09-03-00304-XXX-C06,NA,NA,12/4/2025,CIRSI,97,1.6494845360824741,USFS R3 Tenth Acre,NA,NA,12/4/2025,3
USFS > Region 03 > Prescott National Forest > Bradshaw Ranger District > Burnt Ranch Allotment > Unknown Pasture,03-09-03-00304-XXX-C06,NA,NA,12/4/2025,ELEL5,97,3.195876288659794,USFS R3 Tenth Acre,NA,NA,12/4/2025,3
USFS > Region 03 > Prescott National Forest > Bradshaw Ranger District > Burnt Ranch Allotment > Unknown Pasture,03-09-03-00304-XXX-C06,NA,NA,12/4/2025,ERCI,97,1.134020618556701,USFS R3 Tenth Acre,NA,NA,12/4/2025,3
USFS > Region 03 > Prescott National Forest > Bradshaw Ranger District > Burnt Ranch Allotment > Unknown Pasture,03-09-03-00304-XXX-C06,NA,NA,12/4/2025,HYMEN12,97,1.0309278350515463,USFS R3 Tenth Acre,NA,NA,12/4/2025,3
USFS > Region 03 > Prescott National Forest > Bradshaw Ranger District > Burnt Ranch Allotment > Unknown Pasture,03-09-03-00304-XXX-C06,NA,NA,12/4/2025,IPOMO,97,0.7216494845360825,USFS R3 Tenth Acre,NA,NA,12/4/2025,3
USFS > Region 03 > Prescott National Forest > Bradshaw Ranger District > Burnt Ranch Allotment > Unknown Pasture,03-09-03-00304-XXX-C06,NA,NA,12/4/2025,PAOB,97,44.5360824742268,USFS R3 Tenth Acre,NA,NA,12/4/2025,3
USFS > Region 03 > Prescott National Forest > Bradshaw Ranger District > Burnt Ranch Allotment > Unknown Pasture,03-09-03-00304-XXX-C06,NA,NA,12/4/2025,PPFF2,97,0.20618556701030927,USFS R3 Tenth Acre,NA,NA,12/4/2025,3
USFS > Region 03 > Prescott National Forest > Bradshaw Ranger District > Burnt Ranch Allotment > Unknown Pasture,03-09-03-00304-XXX-C06,NA,NA,12/4/2025,SPCR,97,11.237113402061855,USFS R3 Tenth Acre,NA,NA,12/4/2025,3
USFS > Region 03 > Prescott National Forest > Bradshaw Ranger District > Burnt Ranch Allotment > Unknown Pasture,03-09-03-00304-XXX-C06,NA,NA,12/4/2025,SPHAE,97,5.051546391752577,USFS R3 Tenth Acre,NA,NA,12/4/2025,3
USFS > Region 03 > Prescott National Forest > Bradshaw Ranger District > Burnt Ranch Allotment > Willow Pasture,C03-09-03-00304-007-C08,-112.52258254484705,34.589715342802,12/4/2025,ARIST,97,1.0309278350515463,USFS R3 Tenth Acre,34.589715342802,-112.52258254484705,12/4/2025,5
USFS > Region 03 > Prescott National Forest > Bradshaw Ranger District > Burnt Ranch Allotment > Willow Pasture,C03-09-03-00304-007-C08,-112.52258254484705,34.589715342802,12/4/2025,BOCU,97,29.278350515463917,USFS R3 Tenth Acre,34.589715342802,-112.52258254484705,12/4/2025,5
USFS > Region 03 > Prescott National Forest > Bradshaw Ranger District > Burnt Ranch Allotment > Willow Pasture,C03-09-03-00304-007-C08,-112.52258254484705,34.589715342802,12/4/2025,BOGR2,97,5.051546391752577,USFS R3 Tenth Acre,34.589715342802,-112.52258254484705,12/4/2025,5
USFS > Region 03 > Prescott National Forest > Bradshaw Ranger District > Burnt Ranch Allotment > Willow Pasture,C03-09-03-00304-007-C08,-112.52258254484705,34.589715342802,12/4/2025,BOHI2,97,1.134020618556701,USFS R3 Tenth Acre,34.589715342802,-112.52258254484705,12/4/2025,5
USFS > Region 03 > Prescott National Forest > Bradshaw Ranger District > Burnt Ranch Allotment > Willow Pasture,C03-09-03-00304-007-C08,-112.52258254484705,34.589715342802,12/4/2025,CAHU,97,0.20618556701030927,USFS R3 Tenth Acre,34.589715342802,-112.52258254484705,12/4/2025,5
USFS > Region 03 > Prescott National Forest > Bradshaw Ranger District > Burnt Ranch Allotment > Willow Pasture,C03-09-03-00304-007-C08,-112.52258254484705,34.589715342802,12/4/2025,CIRSI,97,2.1649484536082473,USFS R3 Tenth Acre,34.589715342802,-112.52258254484705,12/4/2025,5
USFS > Region 03 > Prescott National Forest > Bradshaw Ranger District > Burnt Ranch Allotment > Willow Pasture,C03-09-03-00304-007-C08,-112.52258254484705,34.589715342802,12/4/2025,ELEL5,97,5.154639175257732,USFS R3 Tenth Acre,34.589715342802,-112.52258254484705,12/4/2025,5
USFS > Region 03 > Prescott National Forest > Bradshaw Ranger District > Burnt Ranch Allotment > Willow Pasture,C03-09-03-00304-007-C08,-112.52258254484705,34.589715342802,12/4/2025,ERAI3,97,1.443298969072165,USFS R3 Tenth Acre,34.589715342802,-112.52258254484705,12/4/2025,5
USFS > Region 03 > Prescott National Forest > Bradshaw Ranger District > Burnt Ranch Allotment > Willow Pasture,C03-09-03-00304-007-C08,-112.52258254484705,34.589715342802,12/4/2025,EUPHO,97,0.10309278350515463,USFS R3 Tenth Acre,34.589715342802,-112.52258254484705,12/4/2025,5
USFS > Region 03 > Prescott National Forest > Bradshaw Ranger District > Burnt Ranch Allotment > Willow Pasture,C03-09-03-00304-007-C08,-112.52258254484705,34.589715342802,12/4/2025,HIBE,97,51.03092783505155,USFS R3 Tenth Acre,34.589715342802,-112.52258254484705,12/4/2025,5
USFS > Region 03 > Prescott National Forest > Bradshaw Ranger District > Burnt Ranch Allotment > Willow Pasture,C03-09-03-00304-007-C08,-112.52258254484705,34.589715342802,12/4/2025,MATA2,97,2.577319587628866,USFS R3 Tenth Acre,34.589715342802,-112.52258254484705,12/4/2025,5
USFS > Region 03 > Prescott National Forest > Bradshaw Ranger District > Burnt Ranch Allotment > Willow Pasture,C03-09-03-00304-007-C08,-112.52258254484705,34.589715342802,12/4/2025,OXAR6,97,0.10309278350515463,USFS R3 Tenth Acre,34.589715342802,-112.52258254484705,12/4/2025,5
USFS > Region 03 > Prescott National Forest > Bradshaw Ranger District > Burnt Ranch Allotment > Willow Pasture,C03-09-03-00304-007-C08,-112.52258254484705,34.589715342802,12/4/2025,PENST,97,0.20618556701030927,USFS R3 Tenth Acre,34.589715342802,-112.52258254484705,12/4/2025,5
USFS > Region 03 > Prescott National Forest > Bradshaw Ranger District > Burnt Ranch Allotment > Willow Pasture,C03-09-03-00304-007-C08,-112.52258254484705,34.589715342802,12/4/2025,SPRU2,97,0.5154639175257731,USFS R3 Tenth Acre,34.589715342802,-112.52258254484705,12/4/2025,5
USFS > Region 03 > Prescott National Forest > Bradshaw Ranger District > Cold Springs Allotment > Spruce Pasture,03-09-03-00305-009-C01,-112.63742251966067,34.57182673186863,11/14/2025,ARIST,14,7.142857142857143,NA,NA,NA,NA,NA
USFS > Region 03 > Prescott National Forest > Bradshaw Ranger District > Cold Springs Allotment > Spruce Pasture,03-09-03-00305-009-C01,-112.63742251966067,34.57182673186863,11/14/2025,BOCU,14,15.714285714285714,NA,NA,NA,NA,NA
USFS > Region 03 > Prescott National Forest > Bradshaw Ranger District > Cold Springs Allotment > Spruce Pasture,03-09-03-00305-009-C01,-112.63742251966067,34.57182673186863,11/14/2025,BOGR2,14,7.142857142857143,NA,NA,NA,NA,NA
USFS > Region 03 > Prescott National Forest > Bradshaw Ranger District > Cold Springs Allotment > Spruce Pasture,03-09-03-00305-009-C01,-112.63742251966067,34.57182673186863,11/14/2025,DAPU7,14,35.714285714285715,NA,NA,NA,NA,NA
USFS > Region 03 > Prescott National Forest > Bradshaw Ranger District > Cold Springs Allotment > Spruce Pasture,03-09-03-00305-009-C01,-112.63742251966067,34.57182673186863,11/14/2025,SPAM2,14,21.428571428571427,NA,NA,NA,NA,NA
USFS > Region 03 > Prescott National Forest > Bradshaw Ranger District > Cold Springs Allotment > Spruce Pasture,03-09-03-00305-009-C01,-112.63742251966067,34.57182673186863,11/14/2025,SPCR,14,12.857142857142858,NA,NA,NA,NA,NA
USFS > Region 03 > Prescott National Forest > Bradshaw Ranger District > Granite Allotment > North Unit Pasture,KA1,-112.620564,34.709584,10/28/2025,ARIST,75,4.933333333333334,USFS R3 Tenth Acre,34.709584,-112.620564,10/28/2025,15
USFS > Region 03 > Prescott National Forest > Bradshaw Ranger District > Granite Allotment > North Unit Pasture,KA1,-112.620564,34.709584,10/28/2025,ASCLE,75,0.13333333333333333,USFS R3 Tenth Acre,34.709584,-112.620564,10/28/2025,15
USFS > Region 03 > Prescott National Forest > Bradshaw Ranger District > Granite Allotment > North Unit Pasture,KA1,-112.620564,34.709584,10/28/2025,BOCU,75,53.333333333333336,USFS R3 Tenth Acre,34.709584,-112.620564,10/28/2025,15
USFS > Region 03 > Prescott National Forest > Bradshaw Ranger District > Granite Allotment > North Unit Pasture,KA1,-112.620564,34.709584,10/28/2025,BOER4,75,12.4,USFS R3 Tenth Acre,34.709584,-112.620564,10/28/2025,15
USFS > Region 03 > Prescott National Forest > Bradshaw Ranger District > Granite Allotment > North Unit Pasture,KA1,-112.620564,34.709584,10/28/2025,BOGR2,75,21.333333333333332,USFS R3 Tenth Acre,34.709584,-112.620564,10/28/2025,15
USFS > Region 03 > Prescott National Forest > Bradshaw Ranger District > Granite Allotment > North Unit Pasture,KA1,-112.620564,34.709584,10/28/2025,ELEL5,75,3.6,USFS R3 Tenth Acre,34.709584,-112.620564,10/28/2025,15
USFS > Region 03 > Prescott National Forest > Bradshaw Ranger District > Granite Allotment > North Unit Pasture,KA1,-112.620564,34.709584,10/28/2025,EVOLV,75,0.13333333333333333,USFS R3 Tenth Acre,34.709584,-112.620564,10/28/2025,15
USFS > Region 03 > Prescott National Forest > Bradshaw Ranger District > Granite Allotment > North Unit Pasture,KA1,-112.620564,34.709584,10/28/2025,MENOD,75,1.3333333333333333,USFS R3 Tenth Acre,34.709584,-112.620564,10/28/2025,15
USFS > Region 03 > Prescott National Forest > Bradshaw Ranger District > Granite Allotment > North Unit Pasture,KA1,-112.620564,34.709584,10/28/2025,SPAM2,75,0.4,USFS R3 Tenth Acre,34.709584,-112.620564,10/28/2025,15
USFS > Region 03 > Prescott National Forest > Bradshaw Ranger District > Granite Allotment > North Unit Pasture,KA1,-112.620564,34.709584,10/28/2025,SPCR,75,2,USFS R3 Tenth Acre,34.709584,-112.620564,10/28/2025,15
USFS > Region 03 > Prescott National Forest > Bradshaw Ranger District > Granite Allotment > North Unit Pasture,KA1,-112.620564,34.709584,10/28/2025,TRMU,75,0.26666666666666666,USFS R3 Tenth Acre,34.709584,-112.620564,10/28/2025,15
USFS > Region 03 > Prescott National Forest > Bradshaw Ranger District > Granite Allotment > North Unit Pasture,KA1,-112.620564,34.709584,10/28/2025,UNK1,75,0.13333333333333333,USFS R3 Tenth Acre,34.709584,-112.620564,10/28/2025,15
USFS > Region 03 > Prescott National Forest > Bradshaw Ranger District > Granite Allotment > North Unit Pasture,KA3,-112.59977,34.71138,10/28/2025,ARIST,72,32.083333333333336,USFS R3 Tenth Acre,34.71138,-112.59977,10/28/2025,4
USFS > Region 03 > Prescott National Forest > Bradshaw Ranger District > Granite Allotment > North Unit Pasture,KA3,-112.59977,34.71138,10/28/2025,ASTRA,72,1.3888888888888888,USFS R3 Tenth Acre,34.71138,-112.59977,10/28/2025,4
USFS > Region 03 > Prescott National Forest > Bradshaw Ranger District > Granite Allotment > North Unit Pasture,KA3,-112.59977,34.71138,10/28/2025,BOCU,72,3.888888888888889,USFS R3 Tenth Acre,34.71138,-112.59977,10/28/2025,4
USFS > Region 03 > Prescott National Forest > Bradshaw Ranger District > Granite Allotment > North Unit Pasture,KA3,-112.59977,34.71138,10/28/2025,BOER4,72,1.6666666666666667,USFS R3 Tenth Acre,34.71138,-112.59977,10/28/2025,4
USFS > Region 03 > Prescott National Forest > Bradshaw Ranger District > Granite Allotment > North Unit Pasture,KA3,-112.59977,34.71138,10/28/2025,BOGR2,72,52.77777777777778,USFS R3 Tenth Acre,34.71138,-112.59977,10/28/2025,4
USFS > Region 03 > Prescott National Forest > Bradshaw Ranger District > Granite Allotment > North Unit Pasture,KA3,-112.59977,34.71138,10/28/2025,ELEL5,72,1.3888888888888888,USFS R3 Tenth Acre,34.71138,-112.59977,10/28/2025,4
USFS > Region 03 > Prescott National Forest > Bradshaw Ranger District > Granite Allotment > North Unit Pasture,KA3,-112.59977,34.71138,10/28/2025,SPAM2,72,1.9444444444444444,USFS R3 Tenth Acre,34.71138,-112.59977,10/28/2025,4
USFS > Region 03 > Prescott National Forest > Bradshaw Ranger District > Granite Allotment > North Unit Pasture,KA3,-112.59977,34.71138,10/28/2025,SPCR,72,4.861111111111111,USFS R3 Tenth Acre,34.71138,-112.59977,10/28/2025,4
USFS > Region 03 > Prescott National Forest > Bradshaw Ranger District > Granite Allotment > South Unit Pasture,KA2,-112.620866,34.664127,10/27/2025,AMBRO,97,0.10309278350515463,USFS R3 Tenth Acre,34.664127,-112.620866,10/27/2025,0.1
USFS > Region 03 > Prescott National Forest > Bradshaw Ranger District > Granite Allotment > South Unit Pasture,KA2,-112.620866,34.664127,10/27/2025,ARIST,97,35.154639175257735,USFS R3 Tenth Acre,34.664127,-112.620866,10/27/2025,0.1
USFS > Region 03 > Prescott National Forest > Bradshaw Ranger District > Granite Allotment > South Unit Pasture,KA2,-112.620866,34.664127,10/27/2025,BOER4,97,2.88659793814433,USFS R3 Tenth Acre,34.664127,-112.620866,10/27/2025,0.1
USFS > Region 03 > Prescott National Forest > Bradshaw Ranger District > Granite Allotment > South Unit Pasture,KA2,-112.620866,34.664127,10/27/2025,BOGR2,97,50.103092783505154,USFS R3 Tenth Acre,34.664127,-112.620866,10/27/2025,0.1
USFS > Region 03 > Prescott National Forest > Bradshaw Ranger District > Granite Allotment > South Unit Pasture,KA2,-112.620866,34.664127,10/27/2025,CHER2,97,0.20618556701030927,USFS R3 Tenth Acre,34.664127,-112.620866,10/27/2025,0.1
USFS > Region 03 > Prescott National Forest > Bradshaw Ranger District > Granite Allotment > South Unit Pasture,KA2,-112.620866,34.664127,10/27/2025,DAPU7,97,0.30927835051546393,USFS R3 Tenth Acre,34.664127,-112.620866,10/27/2025,0.1
USFS > Region 03 > Prescott National Forest > Bradshaw Ranger District > Granite Allotment > South Unit Pasture,KA2,-112.620866,34.664127,10/27/2025,ELEL5,97,1.134020618556701,USFS R3 Tenth Acre,34.664127,-112.620866,10/27/2025,0.1
USFS > Region 03 > Prescott National Forest > Bradshaw Ranger District > Granite Allotment > South Unit Pasture,KA2,-112.620866,34.664127,10/27/2025,EVOLV,97,0.30927835051546393,USFS R3 Tenth Acre,34.664127,-112.620866,10/27/2025,0.1
USFS > Region 03 > Prescott National Forest > Bradshaw Ranger District > Granite Allotment > South Unit Pasture,KA2,-112.620866,34.664127,10/27/2025,LYPH,97,5.876288659793815,USFS R3 Tenth Acre,34.664127,-112.620866,10/27/2025,0.1
USFS > Region 03 > Prescott National Forest > Bradshaw Ranger District > Granite Allotment > South Unit Pasture,KA2,-112.620866,34.664127,10/27/2025,MURI,97,0.9278350515463918,USFS R3 Tenth Acre,34.664127,-112.620866,10/27/2025,0.1
USFS > Region 03 > Prescott National Forest > Bradshaw Ranger District > Granite Allotment > South Unit Pasture,KA2,-112.620866,34.664127,10/27/2025,SPAM2,97,0.8247422680412371,USFS R3 Tenth Acre,34.664127,-112.620866,10/27/2025,0.1
USFS > Region 03 > Prescott National Forest > Bradshaw Ranger District > Granite Allotment > South Unit Pasture,KA2,-112.620866,34.664127,10/27/2025,SPCR,97,2.1649484536082473,USFS R3 Tenth Acre,34.664127,-112.620866,10/27/2025,0.1
USFS > Region 03 > Prescott National Forest > Bradshaw Ranger District > Peck Canyon Allotment > A-Y Pasture,C6,-112.375988805,34.277752555,11/12/2025,ARPU9,83,1.2048192771084338,NA,NA,NA,NA,NA
USFS > Region 03 > Prescott National Forest > Bradshaw Ranger District > Peck Canyon Allotment > A-Y Pasture,C6,-112.375988805,34.277752555,11/12/2025,BOCU,83,1.927710843373494,NA,NA,NA,NA,NA
USFS > Region 03 > Prescott National Forest > Bradshaw Ranger District > Peck Canyon Allotment > A-Y Pasture,C6,-112.375988805,34.277752555,11/12/2025,ERLE,83,96.86746987951807,NA,NA,NA,NA,NA
USFS > Region 03 > Prescott National Forest > Bradshaw Ranger District > Peck Canyon Allotment > Crazy Basin Pasture,03-09-03-00319-008-C01,-112.23086867623654,34.268042164332584,11/13/2025,ARIST,73,9.315068493150685,NA,NA,NA,NA,NA
USFS > Region 03 > Prescott National Forest > Bradshaw Ranger District > Peck Canyon Allotment > Crazy Basin Pasture,03-09-03-00319-008-C01,-112.23086867623654,34.268042164332584,11/13/2025,ARPU9,73,1.2328767123287672,NA,NA,NA,NA,NA
USFS > Region 03 > Prescott National Forest > Bradshaw Ranger District > Peck Canyon Allotment > Crazy Basin Pasture,03-09-03-00319-008-C01,-112.23086867623654,34.268042164332584,11/13/2025,ASCLE,73,0.958904109589041,NA,NA,NA,NA,NA
USFS > Region 03 > Prescott National Forest > Bradshaw Ranger District > Peck Canyon Allotment > Crazy Basin Pasture,03-09-03-00319-008-C01,-112.23086867623654,34.268042164332584,11/13/2025,BOCU,73,4.657534246575342,NA,NA,NA,NA,NA
USFS > Region 03 > Prescott National Forest > Bradshaw Ranger District > Peck Canyon Allotment > Crazy Basin Pasture,03-09-03-00319-008-C01,-112.23086867623654,34.268042164332584,11/13/2025,BOER4,73,5.068493150684931,NA,NA,NA,NA,NA
USFS > Region 03 > Prescott National Forest > Bradshaw Ranger District > Peck Canyon Allotment > Crazy Basin Pasture,03-09-03-00319-008-C01,-112.23086867623654,34.268042164332584,11/13/2025,BORO2,73,2.73972602739726,NA,NA,NA,NA,NA
USFS > Region 03 > Prescott National Forest > Bradshaw Ranger District > Peck Canyon Allotment > Crazy Basin Pasture,03-09-03-00319-008-C01,-112.23086867623654,34.268042164332584,11/13/2025,CHAR18,73,0.410958904109589,NA,NA,NA,NA,NA
USFS > Region 03 > Prescott National Forest > Bradshaw Ranger District > Peck Canyon Allotment > Crazy Basin Pasture,03-09-03-00319-008-C01,-112.23086867623654,34.268042164332584,11/13/2025,ERLE,73,53.83561643835616,NA,NA,NA,NA,NA
USFS > Region 03 > Prescott National Forest > Bradshaw Ranger District > Peck Canyon Allotment > Crazy Basin Pasture,03-09-03-00319-008-C01,-112.23086867623654,34.268042164332584,11/13/2025,SPAM2,73,10.273972602739725,NA,NA,NA,NA,NA
USFS > Region 03 > Prescott National Forest > Bradshaw Ranger District > Peck Canyon Allotment > Crazy Basin Pasture,03-09-03-00319-008-C01,-112.23086867623654,34.268042164332584,11/13/2025,SPCR,73,11.506849315068493,NA,NA,NA,NA,NA
USFS > Region 03 > Prescott National Forest > Bradshaw Ranger District > Peck Canyon Allotment > Crazy Basin Pasture,03-09-03-00319-008-C02,-112.28336991114953,34.27056059124872,11/12/2025,ARIST,93,2.150537634408602,USFS R3 Tenth Acre,34.27056059124872,-112.28336991114953,11/12/2025,0.001
USFS > Region 03 > Prescott National Forest > Bradshaw Ranger District > Peck Canyon Allotment > Crazy Basin Pasture,03-09-03-00319-008-C02,-112.28336991114953,34.27056059124872,11/12/2025,BOCU,93,1.075268817204301,USFS R3 Tenth Acre,34.27056059124872,-112.28336991114953,11/12/2025,0.001
USFS > Region 03 > Prescott National Forest > Bradshaw Ranger District > Peck Canyon Allotment > Crazy Basin Pasture,03-09-03-00319-008-C02,-112.28336991114953,34.27056059124872,11/12/2025,BOER4,93,10.75268817204301,USFS R3 Tenth Acre,34.27056059124872,-112.28336991114953,11/12/2025,0.001
USFS > Region 03 > Prescott National Forest > Bradshaw Ranger District > Peck Canyon Allotment > Crazy Basin Pasture,03-09-03-00319-008-C02,-112.28336991114953,34.27056059124872,11/12/2025,BORO2,93,27.419354838709676,USFS R3 Tenth Acre,34.27056059124872,-112.28336991114953,11/12/2025,0.001
USFS > Region 03 > Prescott National Forest > Bradshaw Ranger District > Peck Canyon Allotment > Crazy Basin Pasture,03-09-03-00319-008-C02,-112.28336991114953,34.27056059124872,11/12/2025,ERLE,93,57.204301075268816,USFS R3 Tenth Acre,34.27056059124872,-112.28336991114953,11/12/2025,0.001
USFS > Region 03 > Prescott National Forest > Bradshaw Ranger District > Peck Canyon Allotment > Crazy Basin Pasture,03-09-03-00319-008-C02,-112.28336991114953,34.27056059124872,11/12/2025,IPOMO,93,1.075268817204301,USFS R3 Tenth Acre,34.27056059124872,-112.28336991114953,11/12/2025,0.001
USFS > Region 03 > Prescott National Forest > Bradshaw Ranger District > Peck Canyon Allotment > Crazy Basin Pasture,03-09-03-00319-008-C02,-112.28336991114953,34.27056059124872,11/12/2025,SPCR,93,0.3225806451612903,USFS R3 Tenth Acre,34.27056059124872,-112.28336991114953,11/12/2025,0.001
USFS > Region 03 > Prescott National Forest > Bradshaw Ranger District > Toohey Allotment > Cowboy Unit Pasture,KA1,-112.638209,34.672223,10/27/2025,AMBRO,91,0.21978021978021978,USFS R3 Tenth Acre,34.672223,-112.638209,10/29/2025,14
USFS > Region 03 > Prescott National Forest > Bradshaw Ranger District > Toohey Allotment > Cowboy Unit Pasture,KA1,-112.638209,34.672223,10/27/2025,ARIST,91,7.802197802197802,USFS R3 Tenth Acre,34.672223,-112.638209,10/29/2025,14
USFS > Region 03 > Prescott National Forest > Bradshaw Ranger District > Toohey Allotment > Cowboy Unit Pasture,KA1,-112.638209,34.672223,10/27/2025,ASCLE,91,0.21978021978021978,USFS R3 Tenth Acre,34.672223,-112.638209,10/29/2025,14
USFS > Region 03 > Prescott National Forest > Bradshaw Ranger District > Toohey Allotment > Cowboy Unit Pasture,KA1,-112.638209,34.672223,10/27/2025,BOCU,91,8.021978021978022,USFS R3 Tenth Acre,34.672223,-112.638209,10/29/2025,14
USFS > Region 03 > Prescott National Forest > Bradshaw Ranger District > Toohey Allotment > Cowboy Unit Pasture,KA1,-112.638209,34.672223,10/27/2025,BOER4,91,8.571428571428571,USFS R3 Tenth Acre,34.672223,-112.638209,10/29/2025,14
USFS > Region 03 > Prescott National Forest > Bradshaw Ranger District > Toohey Allotment > Cowboy Unit Pasture,KA1,-112.638209,34.672223,10/27/2025,BOGR2,91,63.2967032967033,USFS R3 Tenth Acre,34.672223,-112.638209,10/29/2025,14
USFS > Region 03 > Prescott National Forest > Bradshaw Ranger District > Toohey Allotment > Cowboy Unit Pasture,KA1,-112.638209,34.672223,10/27/2025,CAHU,91,5.384615384615385,USFS R3 Tenth Acre,34.672223,-112.638209,10/29/2025,14
USFS > Region 03 > Prescott National Forest > Bradshaw Ranger District > Toohey Allotment > Cowboy Unit Pasture,KA1,-112.638209,34.672223,10/27/2025,CHER2,91,0.8791208791208791,USFS R3 Tenth Acre,34.672223,-112.638209,10/29/2025,14
USFS > Region 03 > Prescott National Forest > Bradshaw Ranger District > Toohey Allotment > Cowboy Unit Pasture,KA1,-112.638209,34.672223,10/27/2025,ELEL5,91,1.2087912087912087,USFS R3 Tenth Acre,34.672223,-112.638209,10/29/2025,14
USFS > Region 03 > Prescott National Forest > Bradshaw Ranger District > Toohey Allotment > Cowboy Unit Pasture,KA1,-112.638209,34.672223,10/27/2025,ERIOG,91,0.10989010989010989,USFS R3 Tenth Acre,34.672223,-112.638209,10/29/2025,14
USFS > Region 03 > Prescott National Forest > Bradshaw Ranger District > Toohey Allotment > Cowboy Unit Pasture,KA1,-112.638209,34.672223,10/27/2025,EVOLV,91,0.32967032967032966,USFS R3 Tenth Acre,34.672223,-112.638209,10/29/2025,14
USFS > Region 03 > Prescott National Forest > Bradshaw Ranger District > Toohey Allotment > Cowboy Unit Pasture,KA1,-112.638209,34.672223,10/27/2025,LYPH,91,2.5274725274725274,USFS R3 Tenth Acre,34.672223,-112.638209,10/29/2025,14
USFS > Region 03 > Prescott National Forest > Bradshaw Ranger District > Toohey Allotment > Cowboy Unit Pasture,KA1,-112.638209,34.672223,10/27/2025,SPAM2,91,0.32967032967032966,USFS R3 Tenth Acre,34.672223,-112.638209,10/29/2025,14
USFS > Region 03 > Prescott National Forest > Bradshaw Ranger District > Toohey Allotment > Cowboy Unit Pasture,KA1,-112.638209,34.672223,10/27/2025,SPCR,91,1.098901098901099,USFS R3 Tenth Acre,34.672223,-112.638209,10/29/2025,14
USFS > Region 03 > Prescott National Forest > Bradshaw Ranger District > Toohey Allotment > Walker Unit Pasture,03-09-03-00315-006-002,-112.63540020329378,34.71264903805469,10/27/2025,2GA,100,1.1,USFS R3 Tenth Acre,34.71264903805469,-112.63540020329378,10/27/2025,3
USFS > Region 03 > Prescott National Forest > Bradshaw Ranger District > Toohey Allotment > Walker Unit Pasture,03-09-03-00315-006-002,-112.63540020329378,34.71264903805469,10/27/2025,ARIST,100,20.6,USFS R3 Tenth Acre,34.71264903805469,-112.63540020329378,10/27/2025,3
USFS > Region 03 > Prescott National Forest > Bradshaw Ranger District > Toohey Allotment > Walker Unit Pasture,03-09-03-00315-006-002,-112.63540020329378,34.71264903805469,10/27/2025,BOER4,100,16.6,USFS R3 Tenth Acre,34.71264903805469,-112.63540020329378,10/27/2025,3
USFS > Region 03 > Prescott National Forest > Bradshaw Ranger District > Toohey Allotment > Walker Unit Pasture,03-09-03-00315-006-002,-112.63540020329378,34.71264903805469,10/27/2025,BOGR2,100,50.3,USFS R3 Tenth Acre,34.71264903805469,-112.63540020329378,10/27/2025,3
USFS > Region 03 > Prescott National Forest > Bradshaw Ranger District > Toohey Allotment > Walker Unit Pasture,03-09-03-00315-006-002,-112.63540020329378,34.71264903805469,10/27/2025,CAHU,100,0.3,USFS R3 Tenth Acre,34.71264903805469,-112.63540020329378,10/27/2025,3
USFS > Region 03 > Prescott National Forest > Bradshaw Ranger District > Toohey Allotment > Walker Unit Pasture,03-09-03-00315-006-002,-112.63540020329378,34.71264903805469,10/27/2025,CHER2,100,0.3,USFS R3 Tenth Acre,34.71264903805469,-112.63540020329378,10/27/2025,3
USFS > Region 03 > Prescott National Forest > Bradshaw Ranger District > Toohey Allotment > Walker Unit Pasture,03-09-03-00315-006-002,-112.63540020329378,34.71264903805469,10/27/2025,LYPH,100,4.2,USFS R3 Tenth Acre,34.71264903805469,-112.63540020329378,10/27/2025,3
USFS > Region 03 > Prescott National Forest > Bradshaw Ranger District > Toohey Allotment > Walker Unit Pasture,03-09-03-00315-006-002,-112.63540020329378,34.71264903805469,10/27/2025,MUTO2,100,2.6,USFS R3 Tenth Acre,34.71264903805469,-112.63540020329378,10/27/2025,3
USFS > Region 03 > Prescott National Forest > Bradshaw Ranger District > Toohey Allotment > Walker Unit Pasture,03-09-03-00315-006-002,-112.63540020329378,34.71264903805469,10/27/2025,SPCR,100,3.5,USFS R3 Tenth Acre,34.71264903805469,-112.63540020329378,10/27/2025,3
USFS > Region 03 > Prescott National Forest > Bradshaw Ranger District > Toohey Allotment > Walker Unit Pasture,03-09-03-00315-006-002,-112.63540020329378,34.71264903805469,10/27/2025,SPHAE,100,0.5,USFS R3 Tenth Acre,34.71264903805469,-112.63540020329378,10/27/2025,3
USFS > Region 03 > Prescott National Forest > Bradshaw Ranger District > Toohey Allotment > West Unit Pasture,KA3,-112.68477,34.669615,10/28/2025,ARIST,92,27.065217391304348,USFS R3 Tenth Acre,34.669615,-112.68477,10/28/2025,0.002
USFS > Region 03 > Prescott National Forest > Bradshaw Ranger District > Toohey Allotment > West Unit Pasture,KA3,-112.68477,34.669615,10/28/2025,BOCU,92,22.065217391304348,USFS R3 Tenth Acre,34.669615,-112.68477,10/28/2025,0.002
USFS > Region 03 > Prescott National Forest > Bradshaw Ranger District > Toohey Allotment > West Unit Pasture,KA3,-112.68477,34.669615,10/28/2025,BOGR2,92,48.91304347826087,USFS R3 Tenth Acre,34.669615,-112.68477,10/28/2025,0.002
USFS > Region 03 > Prescott National Forest > Bradshaw Ranger District > Toohey Allotment > West Unit Pasture,KA3,-112.68477,34.669615,10/28/2025,ERIOG,92,0.7608695652173914,USFS R3 Tenth Acre,34.669615,-112.68477,10/28/2025,0.002
USFS > Region 03 > Prescott National Forest > Bradshaw Ranger District > Toohey Allotment > West Unit Pasture,KA3,-112.68477,34.669615,10/28/2025,EVOLV,92,0.21739130434782608,USFS R3 Tenth Acre,34.669615,-112.68477,10/28/2025,0.002
USFS > Region 03 > Prescott National Forest > Bradshaw Ranger District > Toohey Allotment > West Unit Pasture,KA3,-112.68477,34.669615,10/28/2025,HOGL2,92,0.21739130434782608,USFS R3 Tenth Acre,34.669615,-112.68477,10/28/2025,0.002
USFS > Region 03 > Prescott National Forest > Bradshaw Ranger District > Toohey Allotment > West Unit Pasture,KA3,-112.68477,34.669615,10/28/2025,MUTO2,92,0.7608695652173914,USFS R3 Tenth Acre,34.669615,-112.68477,10/28/2025,0.002
USFS > Region 03 > Prescott National Forest > Bradshaw Ranger District > Toohey Allotment > West Unit Pasture,KA4,-112.704877,34.665597,10/28/2025,ARIST,70,84.71428571428571,USFS R3 Tenth Acre,34.665597,-112.704877,10/28/2025,5.1
USFS > Region 03 > Prescott National Forest > Bradshaw Ranger District > Toohey Allotment > West Unit Pasture,KA4,-112.704877,34.665597,10/28/2025,BOCU,70,6.428571428571429,USFS R3 Tenth Acre,34.665597,-112.704877,10/28/2025,5.1
USFS > Region 03 > Prescott National Forest > Bradshaw Ranger District > Toohey Allotment > West Unit Pasture,KA4,-112.704877,34.665597,10/28/2025,BOGR2,70,1.8571428571428572,USFS R3 Tenth Acre,34.665597,-112.704877,10/28/2025,5.1
USFS > Region 03 > Prescott National Forest > Bradshaw Ranger District > Toohey Allotment > West Unit Pasture,KA4,-112.704877,34.665597,10/28/2025,EVOLV,70,2.142857142857143,USFS R3 Tenth Acre,34.665597,-112.704877,10/28/2025,5.1
USFS > Region 03 > Prescott National Forest > Bradshaw Ranger District > Toohey Allotment > West Unit Pasture,KA4,-112.704877,34.665597,10/28/2025,HOGL2,70,0.14285714285714285,USFS R3 Tenth Acre,34.665597,-112.704877,10/28/2025,5.1
USFS > Region 03 > Prescott National Forest > Bradshaw Ranger District > Toohey Allotment > West Unit Pasture,KA4,-112.704877,34.665597,10/28/2025,MUTO2,70,4,USFS R3 Tenth Acre,34.665597,-112.704877,10/28/2025,5.1
USFS > Region 03 > Prescott National Forest > Bradshaw Ranger District > Toohey Allotment > West Unit Pasture,KA4,-112.704877,34.665597,10/28/2025,SPAM2,70,0.14285714285714285,USFS R3 Tenth Acre,34.665597,-112.704877,10/28/2025,5.1
USFS > Region 03 > Prescott National Forest > Bradshaw Ranger District > Toohey Allotment > West Unit Pasture,KA4,-112.704877,34.665597,10/28/2025,SPCR,70,0.5714285714285714,USFS R3 Tenth Acre,34.665597,-112.704877,10/28/2025,5.1
USFS > Region 03 > Prescott National Forest > Bradshaw Ranger District > Big Bug Allotment > Bannie-Eugene Pasture,03-09-03-00300-012-C14,NA,NA,NA,NA,NA,NA,USFS R3 Tenth Acre,34.49436024792024,-112.34352120557357,11/14/2024,7
USFS > Region 03 > Prescott National Forest > Bradshaw Ranger District > Big Bug Allotment > Poland Pasture,03-09-03-00300-013-C05,NA,NA,NA,NA,NA,NA,USFS R3 Tenth Acre,34.442532324154584,-112.29129492968883,11/14/2024,0.001
USFS > Region 03 > Prescott National Forest > Bradshaw Ranger District > Big Bug Allotment > Smith Pasture,03-09-03-00300-014-C01,NA,NA,NA,NA,NA,NA,USFS R3 Tenth Acre,34.537690592321105,-112.40499850924029,11/14/2024,6
USFS > Region 03 > Prescott National Forest > Bradshaw Ranger District > Blue Bell Allotment > Mineral Pasture,03-09-03-00316-001-KA8,NA,NA,NA,NA,NA,NA,USFS R3 Tenth Acre,34.339665,-112.267895,10/30/2024,4
USFS > Region 03 > Prescott National Forest > Bradshaw Ranger District > Brady Allotment > Monument Pasture,03-09-03-00317-008-C03,NA,NA,NA,NA,NA,NA,USFS R3 Tenth Acre,34.38538772630059,-112.27330728675462,11/4/2024,0.001
USFS > Region 03 > Prescott National Forest > Bradshaw Ranger District > Brady Allotment > Mule Pasture,03-09-03-00317-007-C01,NA,NA,NA,NA,NA,NA,USFS R3 Tenth Acre,34.36862496849725,-112.28701687027396,11/4/2024,2
USFS > Region 03 > Prescott National Forest > Bradshaw Ranger District > Brady Allotment > York Pasture,03-09-03-00317-005-C7,NA,NA,NA,NA,NA,NA,USFS R3 Tenth Acre,NA,NA,11/5/2024,0.001
USFS > Region 03 > Prescott National Forest > Bradshaw Ranger District > Tank Creek Allotment > D-1 East Pasture,03-09-03-00312-008-C13b,NA,NA,NA,NA,NA,NA,USFS R3 Tenth Acre,34.62247049256705,-112.71441805041624,10/22/2024,30
USFS > Region 03 > Prescott National Forest > Bradshaw Ranger District > Tank Creek Allotment > D-1 West Pasture,03-09-03-00312-008-C45,NA,NA,NA,NA,NA,NA,USFS R3 Tenth Acre,34.636728333,-112.787417167,10/22/2024,22
USFS > Region 03 > Prescott National Forest > Bradshaw Ranger District > Tank Creek Allotment > North Tonto Pasture,03-09-03-00312-012-C07,NA,NA,NA,NA,NA,NA,USFS R3 Tenth Acre,34.63558219130771,-112.68323767134645,10/23/2024,2
USFS > Region 03 > Prescott National Forest > Bradshaw Ranger District > Tank Creek Allotment > South Pasture,03-09-03-00312-001-C40b,NA,NA,NA,NA,NA,NA,USFS R3 Tenth Acre,34.552467102206144,-112.82078179121606,10/21/2024,0.001
USFS > Region 03 > Prescott National Forest > Bradshaw Ranger District > Tank Creek Allotment > South Pasture,03-09-03-00312-001-C43b,NA,NA,NA,NA,NA,NA,USFS R3 Tenth Acre,34.573608234899886,-112.8227578959197,10/21/2024,0.001
USFS > Region 03 > Prescott National Forest > Bradshaw Ranger District > Tank Creek Allotment > Sycamore-Dougherty Pasture,03-09-03-00312-004-KA10,NA,NA,NA,NA,NA,NA,USFS R3 Tenth Acre,NA,NA,10/22/2024,17
USFS > Region 03 > Prescott National Forest > Bradshaw Ranger District > Wolf Creek Allotment > Hay Pasture,03-09-03-00322-005-C3,NA,NA,NA,NA,NA,NA,USFS R3 Tenth Acre,34.345493107,-112.276389859,10/30/2024,0.001
